id,first_name,last_name
1,Thomas,G.
2,Marie,E.
3,Maria,C.
4,Jimmy,M.
5,Shirley,F.
6,Andrea,M.
7,Marie,W.
8,Steve,N.
9,Virginia,O.
10,Dennis,E.
11,Jason,F.
12,Kelly,N.
13,Louise,G.
14,Virginia,P.
15,Kathryn,S.
16,Lisa,N.
17,Harry,D.
18,Alan,W.
19,Gregory,H.
20,Henry,D.
21,Victor,M.
22,Paul,K.
23,Shawn,S.
24,Anne,W.
25,Phillip,R.
26,Steve,L.
27,Gerald,E.
28,Helen,P.
29,Amanda,F.
30,Martin,J.
31,Teresa,A.
32,Mildred,A.
33,Benjamin,L.
34,Gloria,P.
35,Jesse,J.
36,Amanda,J.
37,Jason,N.
38,Steve,A.
39,Helen,D.
40,Howard,W.
41,Willie,J.
42,Kathryn,A.
43,Nicholas,W.
44,Johnny,E.
45,Lisa,M.
46,Harry,C.
47,Gloria,L.
48,Christina,H.
49,Scott,P.
50,Kathleen,S.
51,Janet,O.
52,Sean,L.
53,Theresa,G.
54,Kathleen,S.
55,Lillian,E.
56,Aaron,S.
57,Dennis,R.
58,Rose,M.
59,Nicole,R.
60,Martin,L.
61,Mary,S.
62,Anna,R.
63,Janet,P.
64,Brenda,B.
65,Martin,P.
66,Aaron,C.
67,Judy,F.
68,Amy,M.
69,Amanda,D.
70,Kathryn,N.
71,Todd,B.
72,Shirley,G.
73,Lisa,C.
74,Arthur,A.
75,Amanda,T.
76,Jane,G.
77,Timothy,L.
78,Alan,L.
79,Paul,M.
80,Laura,G.
81,Laura,S.
82,Teresa,S.
83,Jennifer,M.
84,Sarah,P.
85,Alan,M.
86,Nicholas,B.
87,Anne,K.
88,Jason,N.
89,Teresa,M.
90,Edward,N.
91,Louise,L.
92,Sean,S.
93,Helen,H.
94,Gloria,L.
95,Fred,O.
96,Theresa,W.
97,Virginia,F.
98,Adam,R.
99,Gregory,F.
100,Timothy,P.
101,Joshua,J.
102,Michael,E.
103,Amy,M.
104,Barbara,H.
105,Benjamin,E.
106,Sarah,M.
107,Maria,B.
108,Nicholas,W.
109,Judy,L.
110,Harry,A.
111,Paul,O.
112,Timothy,J.
113,Scott,C.
114,Frank,R.
115,Alan,G.
116,Paul,T.
117,Janet,H.
118,Sean,D.
119,Brenda,P.
120,Janet,A.
121,Rose,M.
122,Mary,P.
123,Scott,S.
124,Marie,J.
125,Kathleen,R.
126,Louise,T.
127,Diana,M.
128,Brenda,N.
129,Lillian,N.
130,Sara,E.
131,Victor,M.
132,Frances,T.
133,Edward,S.
134,Theresa,M.
135,Janet,N.
136,Gerald,D.
137,Adam,H.
138,Amanda,F.
139,Mildred,P.
140,Sean,D.
141,Kathleen,E.
142,Kimberly,K.
143,Amy,C.
144,Sean,F.
145,Paul,A.
146,Lillian,G.
147,Gregory,H.
148,Nicholas,A.
149,Scott,J.
150,Billy,D.
151,Arthur,W.
152,Anne,T.
153,Kathleen,N.
154,Joshua,A.
155,Jimmy,C.
156,Gerald,K.
157,Laura,T.
158,Steve,H.
159,Anna,A.
160,Martin,F.
161,Michael,E.
162,Shirley,S.
163,Benjamin,M.
164,Howard,G.
165,Theresa,J.
166,Laura,F.
167,Shawn,A.
168,Jean,L.
169,Gerald,O.
170,Jennifer,E.
171,Sara,W.
172,Nicholas,T.
173,Kathryn,K.
174,Kelly,S.
175,Norma,E.
176,Janet,S.
177,Jimmy,R.
178,Phillip,F.
179,Sarah,L.
180,Aaron,L.
181,Amy,A.
182,Gerald,G.
183,Kathleen,K.
184,Jacqueline,S.
185,Frank,G.
186,Scott,N.
187,Fred,D.
188,David,S.
189,Judy,J.
190,Katherine,K.
191,Edward,M.
192,Kelly,L.
193,Judy,R.
194,Michael,S.
195,Louise,S.
196,Anna,H.
197,Arthur,N.
198,Amy,L.
199,Martin,H.
200,Kimberly,L.
201,Paul,W.
202,Timothy,C.
203,Billy,A.
204,Joshua,G.
205,Jimmy,B.
206,Lillian,A.
207,Helen,N.
208,Helen,G.
209,Kathleen,H.
210,Johnny,R.
211,Maria,T.
212,Thomas,C.
213,Scott,S.
214,Alan,S.
215,Helen,P.
216,Norma,W.
217,Howard,T.
218,Mary,K.
219,Sean,W.
220,Teresa,F.
221,Elizabeth,M.
222,Willie,D.
223,Joshua,L.
224,Margaret,H.
225,Fred,F.
226,Sean,N.
227,Jacqueline,O.
228,Marie,C.
229,Barbara,A.
230,Kathryn,B.
231,Brenda,D.
232,Jack,K.
233,Benjamin,R.
234,Jennifer,H.
235,Shawn,C.
236,Jason,K.
237,Henry,C.
238,Phillip,N.
239,Frances,S.
240,Phillip,D.
241,Timothy,O.
242,Willie,A.
243,Laura,D.
244,Rose,L.
245,Willie,K.
246,Kathryn,N.
247,Brenda,R.
248,Shirley,K.
249,Victor,L.
250,Anna,J.
251,Martin,T.
252,Dennis,G.
253,Jesse,B.
254,Edward,P.
255,Edward,R.
256,Katherine,J.
257,Gregory,E.
258,Phillip,H.
259,Martin,F.
260,Jean,T.
261,Sara,C.
262,Amanda,J.
263,Johnny,M.
264,Edward,T.
265,Fred,K.
266,Janet,C.
267,Brenda,E.
268,Willie,M.
269,Diana,O.
270,Willie,K.
271,Helen,S.
272,Lillian,D.
273,Thomas,C.
274,Jean,G.
275,Lisa,J.
276,Shawn,H.
277,Louise,W.
278,Thomas,F.
279,Rose,F.
280,Harry,T.
281,Thomas,S.
282,Benjamin,P.
283,Elizabeth,B.
284,Benjamin,G.
285,Amanda,K.
286,Nicole,G.
287,Joshua,P.
288,Gregory,L.
289,Judy,G.
290,Nicole,M.
291,Jesse,G.
292,Paul,K.
293,Scott,A.
294,Jacqueline,T.
295,Elizabeth,S.
296,Michael,H.
297,Gregory,M.
298,Howard,E.
299,Willie,N.
300,Elizabeth,J.
301,Kelly,N.
302,Margaret,E.
303,Thomas,A.
304,Dennis,D.
305,Kimberly,T.
306,Maria,A.
307,Sean,L.
308,Arthur,R.
309,Victor,N.
310,Gloria,S.
311,Diana,A.
312,Norma,L.
313,Frank,F.
314,Sean,F.
315,Sean,M.
316,Billy,L.
317,Nicholas,M.
318,Barbara,M.
319,Jennifer,D.
320,Kelly,L.
321,Sarah,G.
322,Virginia,J.
323,Mary,S.
324,Benjamin,O.
325,David,B.
326,Kelly,K.
327,Jason,S.
328,Jimmy,G.
329,Brenda,R.
330,Lillian,C.
331,Jack,O.
332,Willie,E.
333,Andrea,E.
334,Anna,H.
335,Anna,J.
336,Howard,T.
337,Kathleen,W.
338,Kathleen,O.
339,Dennis,K.
340,Johnny,N.
341,Andrea,E.
342,Jennifer,T.
343,Benjamin,D.
344,Brenda,S.
345,Arthur,N.
346,Barbara,A.
347,Michael,S.
348,Dennis,E.
349,Thomas,M.
350,Arthur,K.
351,Diana,A.
352,Theresa,P.
353,Adam,T.
354,Michael,K.
355,Fred,P.
356,Gloria,N.
357,Louise,F.
358,Timothy,M.
359,Maria,W.
360,Mildred,W.
361,Alan,J.
362,Sarah,J.
363,Christina,R.
364,Edward,D.
365,David,C.
366,Michael,R.
367,Elizabeth,C.
368,Jennifer,H.
369,Aaron,M.
370,Judy,T.
371,Jean,P.
372,Benjamin,S.
373,Sean,C.
374,Arthur,M.
375,Anna,B.
376,Jennifer,N.
377,Thomas,A.
378,Edward,R.
379,Jennifer,O.
380,Phillip,N.
381,Kathryn,O.
382,Jason,S.
383,Judy,T.
384,Joshua,A.
385,Christina,A.
386,Harry,C.
387,Joshua,F.
388,Martin,H.
389,Frances,W.
390,Sean,D.
391,Howard,R.
392,Phillip,B.
393,Harold,R.
394,Mildred,F.
395,Todd,R.
396,Dennis,O.
397,Barbara,B.
398,Virginia,R.
399,Todd,O.
400,Mary,A.
401,Victor,A.
402,Johnny,K.
403,Kathleen,D.
404,Mary,W.
405,Amanda,G.
406,Diana,R.
407,Katherine,J.
408,Michael,L.
409,Harold,G.
410,Willie,H.
411,Nicole,J.
412,Anne,O.
413,Edward,O.
414,Rose,O.
415,Jesse,T.
416,Virginia,O.
417,Johnny,O.
418,Rose,J.
419,Howard,R.
420,Laura,N.
421,Frances,T.
422,Rose,M.
423,Adam,T.
424,Phillip,O.
425,Arthur,O.
426,Brenda,K.
427,Nicholas,L.
428,Laura,M.
429,Helen,S.
430,Jason,S.
431,Lisa,R.
432,Virginia,C.
433,Judy,S.
434,Frank,B.
435,Victor,D.
436,Timothy,D.
437,Steve,N.
438,Lillian,P.
439,Frank,C.
440,Teresa,B.
441,Frank,A.
442,Arthur,P.
443,Benjamin,E.
444,Teresa,L.
445,Paul,J.
446,Rose,J.
447,Lillian,P.
448,Jack,J.
449,Steve,M.
450,Andrea,D.
451,Virginia,J.
452,Norma,M.
453,Nicole,E.
454,Nicholas,O.
455,Edward,W.
456,Anna,D.
457,Brenda,M.
458,Marie,F.
459,Marie,G.
460,Kathryn,B.
461,Nicole,M.
462,Dennis,F.
463,Mary,D.
