id,order_id,payment_method,amount
1,1,gift_card,1900
2,2,coupon,1800
3,3,coupon,800
4,4,bank_transfer,2500
5,5,coupon,900
6,5,credit_card,1800
7,6,gift_card,2000
8,7,bank_transfer,2600
9,8,gift_card,600
10,9,bank_transfer,2800
11,9,coupon,100
12,10,bank_transfer,1900
13,10,credit_card,300
14,11,coupon,1300
15,12,credit_card,1500
16,12,credit_card,300
17,13,bank_transfer,1600
18,14,credit_card,200
19,14,gift_card,2800
20,15,bank_transfer,2900
21,16,gift_card,300
22,17,gift_card,2200
23,18,gift_card,300
24,19,gift_card,1800
25,20,bank_transfer,2000
26,20,gift_card,800
27,21,coupon,600
28,21,bank_transfer,1900
29,22,gift_card,2300
30,23,credit_card,500
31,24,credit_card,2200
32,24,coupon,800
33,25,credit_card,100
34,26,coupon,1200
35,26,gift_card,700
36,27,coupon,1100
37,27,credit_card,900
38,28,gift_card,2700
39,28,coupon,100
40,29,coupon,600
41,29,bank_transfer,2400
42,30,credit_card,200
43,30,bank_transfer,2700
44,31,bank_transfer,1100
45,31,gift_card,400
46,32,coupon,2800
47,33,coupon,600
48,33,gift_card,1300
49,34,credit_card,1900
50,35,credit_card,2500
51,36,bank_transfer,600
52,37,coupon,1000
53,37,gift_card,1100
54,38,bank_transfer,600
55,39,gift_card,500
56,39,credit_card,2400
57,40,credit_card,2500
58,40,bank_transfer,200
59,41,bank_transfer,400
60,42,gift_card,400
61,42,bank_transfer,2500
62,43,bank_transfer,2700
63,44,credit_card,400
64,45,gift_card,1900
65,45,credit_card,700
66,46,bank_transfer,2500
67,47,credit_card,400
68,48,bank_transfer,2100
69,49,credit_card,1700
70,50,coupon,2400
71,50,bank_transfer,200
72,51,credit_card,2800
73,51,bank_transfer,100
74,52,bank_transfer,400
75,53,credit_card,1700
76,53,credit_card,400
77,54,credit_card,900
78,54,coupon,900
79,55,gift_card,300
80,55,coupon,1100
81,56,gift_card,300
82,56,credit_card,1400
83,57,credit_card,2700
84,57,gift_card,300
85,58,coupon,2300
86,58,credit_card,500
87,59,bank_transfer,300
88,60,credit_card,1700
89,61,coupon,2700
90,62,gift_card,500
91,63,credit_card,400
92,63,coupon,400
93,64,gift_card,1900
94,64,coupon,900
95,65,bank_transfer,800
96,66,gift_card,600
97,66,gift_card,1100
98,67,gift_card,2200
99,68,bank_transfer,200
100,69,gift_card,1400
101,69,credit_card,1200
102,70,gift_card,2200
103,70,credit_card,500
104,71,gift_card,400
105,71,bank_transfer,2200
106,72,bank_transfer,600
107,73,coupon,1500
108,73,bank_transfer,200
109,74,bank_transfer,1700
110,75,coupon,2900
111,76,coupon,100
112,77,coupon,2800
113,77,gift_card,200
114,78,credit_card,100
115,78,gift_card,1400
116,79,bank_transfer,900
117,80,gift_card,700
118,81,bank_transfer,2700
119,81,coupon,300
120,82,credit_card,2000
121,83,credit_card,1900
122,83,bank_transfer,800
123,84,bank_transfer,2200
124,85,gift_card,200
125,85,gift_card,1500
126,86,coupon,2000
127,86,credit_card,900
128,87,coupon,2100
129,87,credit_card,200
130,88,credit_card,1800
131,88,credit_card,800
132,89,bank_transfer,1000
133,89,bank_transfer,200
134,90,credit_card,1700
135,91,coupon,2200
136,91,gift_card,500
137,92,credit_card,1100
138,93,bank_transfer,1200
139,93,bank_transfer,1000
140,94,gift_card,2100
141,95,credit_card,2300
142,95,bank_transfer,700
143,96,credit_card,2300
144,97,credit_card,1800
145,97,credit_card,400
146,98,credit_card,700
147,98,credit_card,2000
148,99,bank_transfer,2700
149,100,gift_card,1200
150,100,coupon,500
151,101,bank_transfer,2300
152,101,coupon,700
153,102,credit_card,2500
154,102,bank_transfer,500
155,103,bank_transfer,1600
156,104,credit_card,1100
157,105,coupon,400
158,106,credit_card,2800
159,106,gift_card,100
160,107,gift_card,2400
161,108,credit_card,200
162,109,coupon,100
163,110,credit_card,700
164,111,credit_card,2300
165,112,coupon,1500
166,113,bank_transfer,2100
167,114,coupon,700
168,114,bank_transfer,1500
169,115,credit_card,2100
170,115,credit_card,500
171,116,credit_card,2100
172,117,bank_transfer,900
173,117,credit_card,500
174,118,credit_card,2000
175,119,coupon,2900
176,119,bank_transfer,100
177,120,gift_card,600
178,120,coupon,1000
179,121,credit_card,2900
180,121,coupon,100
181,122,credit_card,2800
182,122,coupon,100
183,123,gift_card,2000
184,123,credit_card,300
185,124,gift_card,900
186,125,credit_card,2700
187,125,coupon,100
188,126,gift_card,1000
189,126,credit_card,1500
190,127,coupon,700
191,128,coupon,2800
192,128,credit_card,100
193,129,bank_transfer,2200
194,129,coupon,300
195,130,credit_card,600
196,131,coupon,2900
197,131,coupon,100
198,132,coupon,2100
199,133,gift_card,1900
200,133,credit_card,700
201,134,credit_card,1100
202,134,credit_card,200
203,135,bank_transfer,300
204,135,gift_card,1200
205,136,bank_transfer,1800
206,137,coupon,1200
207,137,bank_transfer,1400
208,138,bank_transfer,2000
209,138,credit_card,800
210,139,bank_transfer,2500
211,139,coupon,400
212,140,coupon,2000
213,140,bank_transfer,600
214,141,coupon,1500
215,142,bank_transfer,2800
216,143,credit_card,1300
217,144,bank_transfer,300
218,144,bank_transfer,1600
219,145,bank_transfer,1500
220,145,coupon,900
221,146,credit_card,1700
222,147,gift_card,200
223,148,bank_transfer,500
224,149,credit_card,2800
225,150,bank_transfer,1200
226,151,bank_transfer,2300
227,152,gift_card,2500
228,152,gift_card,100
229,153,credit_card,2400
230,153,gift_card,100
231,154,gift_card,800
232,154,credit_card,1000
233,155,credit_card,600
234,155,bank_transfer,900
235,156,coupon,2300
236,157,coupon,2200
237,158,gift_card,200
238,158,gift_card,2200
239,159,gift_card,1400
240,160,bank_transfer,2000
241,160,bank_transfer,800
242,161,gift_card,300
243,162,coupon,2900
244,162,credit_card,100
245,163,gift_card,1900
246,164,coupon,2300
247,165,coupon,800
248,166,coupon,1000
249,166,coupon,1300
250,167,gift_card,2800
251,167,coupon,100
252,168,coupon,2700
253,168,credit_card,300
254,169,bank_transfer,1500
255,169,gift_card,1100
256,170,credit_card,2500
257,171,coupon,2100
258,171,bank_transfer,400
259,172,gift_card,100
260,173,credit_card,300
261,173,gift_card,1300
262,174,coupon,300
263,175,gift_card,800
264,176,bank_transfer,200
265,176,credit_card,2600
266,177,gift_card,1700
267,177,bank_transfer,900
268,178,bank_transfer,2900
269,178,bank_transfer,100
270,179,coupon,2800
271,179,coupon,100
272,180,gift_card,2900
273,181,gift_card,1800
274,182,credit_card,2000
275,182,credit_card,900
276,183,credit_card,700
277,184,credit_card,900
278,185,credit_card,2200
279,185,bank_transfer,300
280,186,coupon,1200
281,187,bank_transfer,1400
282,188,credit_card,1100
283,189,bank_transfer,2200
284,189,credit_card,300
285,190,bank_transfer,100
286,191,bank_transfer,1600
287,192,coupon,1100
288,192,gift_card,1100
289,193,credit_card,800
290,194,credit_card,500
291,195,bank_transfer,1400
292,195,gift_card,1400
293,196,coupon,2400
294,196,coupon,100
295,197,gift_card,300
296,197,bank_transfer,900
297,198,bank_transfer,1200
298,198,coupon,1300
299,199,bank_transfer,2500
300,200,credit_card,400
301,200,bank_transfer,600
302,201,gift_card,100
303,201,bank_transfer,2000
304,202,coupon,2700
305,202,gift_card,200
306,203,credit_card,500
307,204,coupon,2100
308,205,coupon,1700
309,205,coupon,900
310,206,credit_card,2500
311,207,coupon,2400
312,208,coupon,2500
313,209,credit_card,1700
314,209,gift_card,1100
315,210,bank_transfer,1400
316,210,gift_card,1200
317,211,credit_card,1700
318,211,gift_card,900
319,212,bank_transfer,1500
320,212,credit_card,900
321,213,coupon,600
322,213,bank_transfer,1300
323,214,credit_card,2900
324,215,bank_transfer,400
325,216,credit_card,100
326,216,gift_card,2000
327,217,bank_transfer,2400
328,217,gift_card,300
329,218,credit_card,2500
330,219,coupon,1300
331,220,credit_card,600
332,220,credit_card,2300
333,221,credit_card,2900
334,221,credit_card,100
335,222,gift_card,2500
336,223,gift_card,1000
337,224,credit_card,2200
338,224,bank_transfer,200
339,225,credit_card,1300
340,225,gift_card,1000
341,226,credit_card,300
342,227,coupon,1600
343,228,gift_card,1600
344,229,coupon,2200
345,230,credit_card,2900
346,230,credit_card,100
347,231,credit_card,2800
348,232,coupon,2300
349,233,credit_card,1700
350,234,coupon,1600
351,234,bank_transfer,1400
352,235,coupon,1100
353,236,bank_transfer,2100
354,237,credit_card,700
355,237,gift_card,1500
356,238,coupon,1600
357,238,coupon,900
358,239,credit_card,2700
359,240,gift_card,900
360,241,bank_transfer,2100
361,241,credit_card,700
362,242,gift_card,1200
363,243,bank_transfer,100
364,244,gift_card,200
365,245,coupon,2800
366,246,bank_transfer,600
367,246,gift_card,1300
368,247,bank_transfer,2300
369,248,gift_card,200
370,248,credit_card,1900
371,249,coupon,1200
372,249,credit_card,800
373,250,bank_transfer,1800
374,251,gift_card,2900
375,251,coupon,100
376,252,gift_card,300
377,253,gift_card,700
378,253,coupon,1700
379,254,bank_transfer,600
380,255,credit_card,700
381,256,bank_transfer,2800
382,256,credit_card,100
383,257,bank_transfer,1200
384,258,bank_transfer,2100
385,259,coupon,100
386,260,credit_card,2700
387,260,credit_card,200
388,261,gift_card,1300
389,262,coupon,500
390,262,gift_card,300
391,263,bank_transfer,1600
392,264,credit_card,2100
393,265,credit_card,400
394,265,credit_card,2400
395,266,coupon,900
396,266,coupon,1600
397,267,bank_transfer,700
398,267,coupon,300
399,268,coupon,2600
400,269,credit_card,200
401,270,credit_card,1600
402,270,bank_transfer,800
403,271,bank_transfer,2200
404,272,credit_card,1700
405,273,coupon,2300
406,273,gift_card,100
407,274,coupon,1500
408,274,coupon,1100
409,275,coupon,2800
410,276,gift_card,400
411,277,gift_card,2200
412,278,bank_transfer,800
413,279,credit_card,1600
414,280,coupon,2400
415,280,bank_transfer,500
416,281,coupon,1700
417,282,credit_card,300
418,283,coupon,1900
419,284,gift_card,200
420,285,gift_card,1700
421,286,gift_card,900
422,287,bank_transfer,1200
423,287,gift_card,1700
424,288,gift_card,2600
425,289,credit_card,200
426,289,gift_card,2700
427,290,gift_card,800
428,290,coupon,2000
429,291,credit_card,100
430,292,bank_transfer,1700
431,293,coupon,2500
432,294,gift_card,2100
433,295,bank_transfer,2000
434,296,gift_card,1900
435,297,gift_card,300
436,297,coupon,1800
437,298,bank_transfer,1800
438,299,bank_transfer,600
439,299,bank_transfer,2200
440,300,coupon,2000
441,301,credit_card,700
442,301,coupon,2000
443,302,bank_transfer,1200
444,303,coupon,1500
445,303,coupon,200
446,304,bank_transfer,2100
447,305,coupon,2000
448,306,credit_card,1000
449,306,bank_transfer,1400
450,307,credit_card,2600
451,307,coupon,400
452,308,gift_card,1700
453,309,credit_card,1100
454,309,credit_card,1800
455,310,coupon,400
456,310,bank_transfer,1300
457,311,coupon,400
458,312,coupon,2800
459,313,credit_card,1800
460,314,gift_card,2600
461,314,bank_transfer,400
462,315,gift_card,2400
463,316,gift_card,700
464,317,coupon,200
465,318,coupon,1200
466,319,coupon,500
467,320,credit_card,400
468,320,gift_card,1400
469,321,bank_transfer,2400
470,321,gift_card,600
471,322,coupon,1000
472,322,coupon,500
473,323,gift_card,1500
474,323,credit_card,1100
475,324,coupon,2800
476,325,bank_transfer,2400
477,325,bank_transfer,300
478,326,bank_transfer,2500
479,326,gift_card,100
480,327,credit_card,700
481,328,coupon,1800
482,329,gift_card,2900
483,330,bank_transfer,1300
484,331,coupon,100
485,331,coupon,300
486,332,bank_transfer,1300
487,332,bank_transfer,500
488,333,bank_transfer,1400
489,333,gift_card,700
490,334,bank_transfer,700
491,334,gift_card,800
492,335,coupon,2300
493,336,bank_transfer,600
494,337,bank_transfer,200
495,338,credit_card,2200
496,338,credit_card,800
497,339,coupon,100
498,340,gift_card,1300
499,341,coupon,1000
500,341,gift_card,1700
501,342,credit_card,600
502,343,bank_transfer,1800
503,343,gift_card,800
504,344,bank_transfer,1800
505,345,bank_transfer,2700
506,346,gift_card,2500
507,347,credit_card,2000
508,347,gift_card,500
509,348,credit_card,100
510,349,credit_card,1400
511,349,bank_transfer,1200
512,350,credit_card,1900
513,351,coupon,1100
514,352,credit_card,1300
515,353,credit_card,1100
516,354,gift_card,1000
517,355,credit_card,1700
518,355,gift_card,200
519,356,credit_card,1900
520,357,credit_card,200
521,357,credit_card,800
522,358,gift_card,800
523,358,credit_card,700
524,359,bank_transfer,1400
525,360,bank_transfer,200
526,361,coupon,400
527,361,credit_card,2600
528,362,coupon,500
529,362,gift_card,1700
530,363,credit_card,700
531,364,credit_card,2200
532,364,coupon,700
533,365,coupon,500
534,365,gift_card,1900
535,366,bank_transfer,1800
536,366,bank_transfer,1100
537,367,credit_card,2600
538,367,coupon,100
539,368,credit_card,500
540,369,coupon,300
541,370,credit_card,1500
542,370,bank_transfer,300
543,371,credit_card,1500
544,371,gift_card,1100
545,372,gift_card,1100
546,373,bank_transfer,2600
547,373,credit_card,200
548,374,bank_transfer,2100
549,375,coupon,400
550,376,coupon,400
551,377,gift_card,1400
552,378,gift_card,1600
553,379,bank_transfer,2900
554,379,credit_card,100
555,380,coupon,300
556,381,bank_transfer,2000
557,381,coupon,200
558,382,coupon,2900
559,382,credit_card,100
560,383,gift_card,2000
561,384,bank_transfer,1800
562,384,credit_card,700
563,385,bank_transfer,2800
564,385,gift_card,100
565,386,coupon,700
566,387,bank_transfer,300
567,388,gift_card,2500
568,388,gift_card,500
569,389,coupon,800
570,389,coupon,800
571,390,coupon,1000
572,391,credit_card,1200
573,391,credit_card,900
574,392,coupon,1700
575,392,coupon,400
576,393,bank_transfer,2700
577,394,bank_transfer,1700
578,395,bank_transfer,2300
579,396,credit_card,600
580,397,bank_transfer,2600
581,398,bank_transfer,1300
582,398,gift_card,1200
583,399,bank_transfer,800
584,399,bank_transfer,1900
585,400,credit_card,2100
586,401,credit_card,1400
587,401,gift_card,600
588,402,gift_card,2200
589,403,credit_card,2800
590,403,coupon,200
591,404,gift_card,2500
592,404,gift_card,200
593,405,bank_transfer,1800
594,406,bank_transfer,2600
595,407,bank_transfer,800
596,407,coupon,700
597,408,coupon,100
598,409,bank_transfer,2100
599,410,bank_transfer,1700
600,410,bank_transfer,500
601,411,bank_transfer,2600
602,411,credit_card,300
603,412,credit_card,1600
604,412,gift_card,900
605,413,gift_card,600
606,414,coupon,700
607,414,credit_card,100
608,415,coupon,1700
609,416,bank_transfer,500
610,416,gift_card,300
611,417,gift_card,2700
612,417,credit_card,300
613,418,credit_card,1800
614,418,bank_transfer,500
615,419,credit_card,600
616,420,coupon,2800
617,421,coupon,1300
618,422,gift_card,200
619,422,gift_card,2500
620,423,coupon,1900
621,423,bank_transfer,700
622,424,coupon,500
623,424,bank_transfer,2400
624,425,credit_card,2800
625,426,coupon,2000
626,426,credit_card,800
627,427,coupon,2200
628,428,gift_card,2100
629,428,gift_card,600
630,429,credit_card,2600
631,430,coupon,1300
632,430,credit_card,1000
633,431,bank_transfer,1800
634,432,coupon,1700
635,433,gift_card,200
636,434,gift_card,1200
637,434,gift_card,1600
638,435,coupon,2600
639,435,credit_card,100
640,436,coupon,1700
641,436,bank_transfer,1000
642,437,coupon,1800
643,438,bank_transfer,2700
644,438,credit_card,200
645,439,coupon,2500
646,440,coupon,400
647,440,coupon,2300
648,441,coupon,2400
649,442,gift_card,2200
650,442,credit_card,300
651,443,credit_card,1500
652,444,bank_transfer,600
653,444,bank_transfer,200
654,445,coupon,2300
655,446,coupon,2900
656,447,credit_card,1700
657,447,gift_card,700
658,448,gift_card,700
659,449,gift_card,2600
660,449,gift_card,400
661,450,bank_transfer,1900
662,450,coupon,1100
663,451,gift_card,100
664,452,bank_transfer,2900
665,453,gift_card,2300
666,454,gift_card,2600
667,454,bank_transfer,400
668,455,credit_card,1300
669,456,credit_card,900
670,456,gift_card,500
671,457,gift_card,300
672,458,bank_transfer,1700
673,459,credit_card,1800
674,460,bank_transfer,1800
675,460,gift_card,100
676,461,bank_transfer,1800
677,462,gift_card,700
678,462,bank_transfer,900
679,463,bank_transfer,300
680,464,coupon,2100
681,464,bank_transfer,700
682,465,credit_card,1100
683,465,bank_transfer,900
684,466,bank_transfer,1300
685,467,credit_card,1400
686,468,gift_card,100
687,468,bank_transfer,600
688,469,gift_card,2000
689,470,coupon,2500
690,470,coupon,300
691,471,coupon,1100
692,472,gift_card,2700
693,473,bank_transfer,500
694,474,coupon,800
695,475,coupon,2400
696,476,credit_card,1200
697,476,gift_card,300
698,477,gift_card,200
699,477,bank_transfer,500
700,478,gift_card,700
701,479,coupon,1000
702,479,gift_card,600
703,480,credit_card,1500
704,481,gift_card,2900
705,481,coupon,100
706,482,gift_card,2800
707,482,credit_card,200
708,483,credit_card,1200
709,484,coupon,1100
710,484,coupon,500
711,485,coupon,2300
712,486,bank_transfer,1300
713,486,coupon,1700
714,487,coupon,200
715,488,bank_transfer,2700
716,488,bank_transfer,300
717,489,gift_card,2500
718,489,coupon,300
719,490,coupon,1900
720,491,credit_card,400
721,492,gift_card,800
722,493,gift_card,1100
723,493,credit_card,1500
724,494,bank_transfer,900
725,494,gift_card,900
726,495,coupon,1000
727,495,bank_transfer,1400
728,496,credit_card,100
729,496,credit_card,200
730,497,bank_transfer,1800
731,498,gift_card,1600
732,499,gift_card,1100
733,499,bank_transfer,1400
734,500,gift_card,1200
735,500,credit_card,1400
736,501,bank_transfer,1600
737,501,coupon,400
738,502,credit_card,2900
739,502,credit_card,100
740,503,gift_card,2100
741,503,credit_card,900
742,504,credit_card,1600
743,505,gift_card,2900
744,505,coupon,100
745,506,gift_card,1100
746,507,gift_card,2200
747,508,gift_card,1000
748,508,bank_transfer,1900
749,509,credit_card,2900
750,510,gift_card,700
751,511,gift_card,1500
752,512,coupon,600
753,513,bank_transfer,1500
754,514,bank_transfer,2800
755,515,credit_card,1700
756,515,bank_transfer,800
757,516,credit_card,900
758,516,credit_card,1700
759,517,bank_transfer,300
760,518,gift_card,2100
761,519,credit_card,300
762,520,bank_transfer,1400
763,521,gift_card,2700
764,522,bank_transfer,1400
765,523,gift_card,1200
766,524,credit_card,700
767,525,gift_card,2900
768,525,coupon,100
769,526,bank_transfer,2500
770,526,bank_transfer,400
771,527,credit_card,1300
772,528,credit_card,2100
773,529,coupon,2900
774,530,credit_card,1900
775,531,bank_transfer,2300
776,531,bank_transfer,300
777,532,credit_card,100
778,533,credit_card,700
779,534,credit_card,2000
780,534,gift_card,500
781,535,bank_transfer,1900
782,535,bank_transfer,200
783,536,coupon,200
784,536,bank_transfer,2500
785,537,gift_card,1200
786,538,credit_card,400
787,538,bank_transfer,2300
788,539,bank_transfer,2200
789,540,gift_card,2100
790,541,gift_card,2600
791,541,coupon,300
792,542,gift_card,2300
793,542,credit_card,300
794,543,credit_card,1100
795,543,bank_transfer,700
796,544,bank_transfer,1900
797,545,bank_transfer,2300
798,545,bank_transfer,300
799,546,bank_transfer,700
800,546,coupon,1400
801,547,coupon,1800
802,548,credit_card,2500
803,548,credit_card,100
804,549,credit_card,1500
805,549,bank_transfer,200
806,550,bank_transfer,2000
807,551,credit_card,500
808,551,coupon,800
809,552,bank_transfer,2300
810,553,coupon,2300
811,553,coupon,300
812,554,credit_card,2000
813,554,gift_card,200
814,555,gift_card,1200
815,556,coupon,700
816,557,credit_card,2100
817,558,gift_card,2700
818,558,gift_card,200
819,559,bank_transfer,1200
820,559,credit_card,1600
821,560,bank_transfer,2600
822,560,credit_card,300
823,561,coupon,2100
824,561,bank_transfer,600
825,562,coupon,2600
826,562,bank_transfer,200
827,563,bank_transfer,2300
828,563,bank_transfer,500
829,564,coupon,2100
830,564,gift_card,700
831,565,bank_transfer,2800
832,565,coupon,200
833,566,credit_card,2800
834,567,gift_card,400
835,568,coupon,600
836,569,gift_card,2400
837,570,bank_transfer,1300
838,571,coupon,1500
839,571,credit_card,1000
840,572,bank_transfer,1700
841,572,gift_card,1100
842,573,credit_card,1700
843,574,credit_card,2200
844,574,coupon,800
845,575,bank_transfer,900
846,575,credit_card,400
847,576,bank_transfer,200
848,577,coupon,2400
849,578,credit_card,2000
850,579,bank_transfer,700
851,579,credit_card,500
852,580,bank_transfer,2700
853,580,credit_card,200
854,581,coupon,400
855,581,bank_transfer,1200
856,582,bank_transfer,1900
857,582,credit_card,1000
858,583,gift_card,200
859,583,coupon,1400
860,584,bank_transfer,800
861,585,gift_card,800
862,586,coupon,600
863,587,coupon,2700
864,588,coupon,2500
865,589,coupon,2000
866,589,credit_card,1000
867,590,gift_card,1400
868,590,gift_card,100
869,591,gift_card,900
870,592,credit_card,1300
871,592,bank_transfer,500
872,593,credit_card,2900
873,594,coupon,1200
874,595,gift_card,600
875,596,bank_transfer,700
876,597,bank_transfer,1300
877,598,credit_card,900
878,599,bank_transfer,1300
879,600,gift_card,1900
880,600,credit_card,100
881,601,coupon,1200
882,602,coupon,1800
883,602,credit_card,100
884,603,coupon,500
885,604,credit_card,1100
886,604,bank_transfer,1800
887,605,gift_card,700
888,606,credit_card,2000
889,607,coupon,2600
890,607,coupon,400
891,608,coupon,900
892,609,bank_transfer,1600
893,609,coupon,900
894,610,bank_transfer,1100
895,610,credit_card,1800
896,611,credit_card,1700
897,612,coupon,900
898,612,gift_card,900
899,613,coupon,2800
900,614,bank_transfer,100
901,614,gift_card,2400
902,615,credit_card,100
903,616,credit_card,2500
904,616,credit_card,400
905,617,gift_card,1900
906,617,coupon,400
907,618,coupon,2400
908,619,gift_card,800
909,619,coupon,100
910,620,coupon,700
911,621,gift_card,1100
912,621,gift_card,700
913,622,gift_card,2200
914,622,gift_card,800
915,623,credit_card,1200
916,624,credit_card,1500
917,624,gift_card,1300
918,625,coupon,100
919,626,bank_transfer,300
920,626,coupon,2300
921,627,credit_card,1600
922,627,gift_card,600
923,628,gift_card,1700
924,629,coupon,600
925,629,gift_card,500
926,630,gift_card,2700
927,630,gift_card,300
928,631,credit_card,2700
929,631,credit_card,200
930,632,bank_transfer,1200
931,633,coupon,2900
932,633,gift_card,100
933,634,gift_card,200
934,635,bank_transfer,1600
935,636,coupon,1000
936,636,gift_card,300
937,637,bank_transfer,300
938,638,bank_transfer,2400
939,639,gift_card,1600
940,640,credit_card,2600
941,641,bank_transfer,200
942,641,gift_card,2800
943,642,coupon,2500
944,643,coupon,300
945,644,coupon,2800
946,644,coupon,200
947,645,coupon,2600
948,645,coupon,200
949,646,bank_transfer,1200
950,647,bank_transfer,2600
951,647,gift_card,400
952,648,bank_transfer,900
953,648,credit_card,1500
954,649,coupon,600
955,649,credit_card,2200
956,650,bank_transfer,800
957,650,gift_card,1100
958,651,gift_card,2000
959,651,gift_card,700
960,652,gift_card,800
961,653,coupon,2300
962,654,bank_transfer,400
963,655,bank_transfer,2100
964,656,coupon,1200
965,656,bank_transfer,900
966,657,bank_transfer,200
967,657,gift_card,200
968,658,coupon,100
969,659,bank_transfer,2700
970,660,gift_card,1200
971,660,coupon,700
972,661,credit_card,700
973,662,coupon,1900
974,663,coupon,2100
975,664,credit_card,300
976,665,gift_card,500
977,665,coupon,2000
978,666,gift_card,800
979,666,coupon,800
980,667,bank_transfer,1400
981,667,bank_transfer,200
982,668,bank_transfer,1200
983,668,credit_card,700
984,669,bank_transfer,2500
985,669,gift_card,500
986,670,credit_card,1200
987,670,coupon,300
988,671,gift_card,1200
989,672,gift_card,1100
990,672,coupon,500
991,673,coupon,1000
992,673,coupon,300
993,674,bank_transfer,2700
994,675,credit_card,2100
995,675,bank_transfer,100
996,676,gift_card,2600
997,677,coupon,800
998,677,gift_card,700
999,678,bank_transfer,200
1000,679,bank_transfer,2200
1001,679,gift_card,600
1002,680,coupon,400
1003,680,gift_card,2500
1004,681,credit_card,2400
1005,681,coupon,200
1006,682,bank_transfer,2400
1007,683,bank_transfer,2600
1008,684,coupon,1600
1009,685,coupon,1800
1010,686,coupon,1300
1011,686,bank_transfer,100
1012,687,bank_transfer,500
1013,687,bank_transfer,700
1014,688,gift_card,1900
1015,688,credit_card,700
1016,689,coupon,1100
1017,690,credit_card,1300
1018,691,bank_transfer,600
1019,692,credit_card,2400
1020,693,coupon,300
1021,693,credit_card,400
1022,694,credit_card,2500
1023,694,credit_card,400
1024,695,bank_transfer,2600
1025,696,gift_card,800
1026,697,bank_transfer,1600
1027,697,coupon,300
1028,698,coupon,1800
1029,698,bank_transfer,500
1030,699,coupon,1400
1031,699,coupon,800
1032,700,coupon,1700
1033,701,gift_card,2500
1034,702,coupon,2300
1035,703,gift_card,400
1036,703,coupon,2200
1037,704,coupon,1700
1038,704,gift_card,1200
1039,705,coupon,700
1040,705,bank_transfer,800
1041,706,coupon,2900
1042,707,coupon,1600
1043,707,bank_transfer,300
1044,708,credit_card,600
1045,709,credit_card,1100
1046,709,bank_transfer,1900
1047,710,credit_card,500
1048,711,gift_card,600
1049,712,coupon,100
1050,712,gift_card,2800
1051,713,bank_transfer,600
1052,714,coupon,2500
1053,714,gift_card,300
1054,715,gift_card,1200
1055,715,coupon,1800
1056,716,gift_card,2400
1057,716,coupon,200
1058,717,bank_transfer,2200
1059,718,credit_card,1300
1060,719,coupon,1000
1061,719,bank_transfer,800
1062,720,gift_card,1500
1063,721,bank_transfer,500
1064,721,coupon,2300
1065,722,gift_card,100
1066,723,bank_transfer,1000
1067,723,coupon,900
1068,724,coupon,1000
1069,725,bank_transfer,700
1070,725,credit_card,600
1071,726,credit_card,2200
1072,727,credit_card,100
1073,728,bank_transfer,2700
1074,729,coupon,2100
1075,730,bank_transfer,200
1076,731,gift_card,900
1077,731,coupon,1000
1078,732,bank_transfer,2100
1079,733,bank_transfer,2500
1080,734,gift_card,2100
1081,735,bank_transfer,1600
1082,735,gift_card,1000
1083,736,coupon,200
1084,736,gift_card,600
1085,737,credit_card,700
1086,738,gift_card,1200
1087,738,bank_transfer,1200
1088,739,gift_card,2900
1089,740,bank_transfer,2200
1090,741,gift_card,2600
1091,742,credit_card,100
1092,743,coupon,2700
1093,743,credit_card,300
1094,744,credit_card,2900
1095,745,coupon,500
1096,745,bank_transfer,1600
1097,746,gift_card,2400
1098,747,coupon,1400
1099,748,credit_card,1300
1100,749,coupon,2800
1101,749,coupon,200
1102,750,bank_transfer,1700
1103,751,gift_card,1000
1104,752,bank_transfer,900
1105,753,bank_transfer,500
1106,753,credit_card,1100
1107,754,bank_transfer,1400
1108,755,gift_card,1000
1109,756,bank_transfer,2700
1110,756,bank_transfer,300
1111,757,bank_transfer,800
1112,758,bank_transfer,900
1113,758,coupon,800
1114,759,gift_card,1700
1115,760,bank_transfer,2800
1116,760,credit_card,100
1117,761,coupon,100
1118,762,credit_card,300
1119,763,gift_card,2600
1120,763,coupon,200
1121,764,credit_card,2000
1122,764,coupon,800
1123,765,gift_card,2100
1124,766,coupon,700
1125,767,coupon,2800
1126,768,coupon,2400
1127,768,coupon,200
1128,769,bank_transfer,1500
1129,770,bank_transfer,2700
1130,771,credit_card,1700
1131,771,bank_transfer,700
1132,772,bank_transfer,700
1133,773,gift_card,1400
1134,773,gift_card,900
1135,774,gift_card,900
1136,775,coupon,700
1137,776,coupon,1000
1138,776,bank_transfer,1900
1139,777,gift_card,1400
1140,778,bank_transfer,1500
1141,778,bank_transfer,100
1142,779,gift_card,2400
1143,780,bank_transfer,2200
1144,781,coupon,600
1145,782,bank_transfer,100
1146,783,coupon,2100
1147,783,bank_transfer,100
1148,784,bank_transfer,300
1149,785,credit_card,100
1150,785,credit_card,2200
1151,786,bank_transfer,2400
1152,786,coupon,400
1153,787,coupon,1900
1154,788,bank_transfer,1300
1155,788,gift_card,1600
1156,789,coupon,2100
1157,790,credit_card,900
1158,791,coupon,2000
1159,792,gift_card,900
1160,793,coupon,1500
1161,794,gift_card,2800
1162,795,credit_card,900
1163,796,bank_transfer,200
1164,796,bank_transfer,1300
1165,797,gift_card,1500
1166,797,gift_card,1000
1167,798,bank_transfer,1600
1168,798,bank_transfer,300
1169,799,gift_card,2300
1170,800,gift_card,700
1171,800,bank_transfer,2100
1172,801,bank_transfer,2800
1173,801,bank_transfer,200
1174,802,coupon,1700
1175,802,bank_transfer,1100
1176,803,bank_transfer,700
1177,803,credit_card,700
1178,804,bank_transfer,2900
1179,805,coupon,800
1180,805,gift_card,100
1181,806,bank_transfer,400
1182,806,bank_transfer,2200
1183,807,coupon,400
1184,808,bank_transfer,1000
1185,809,gift_card,1600
1186,809,credit_card,1100
1187,810,credit_card,1000
1188,811,bank_transfer,1200
1189,811,credit_card,1300
1190,812,gift_card,400
1191,813,gift_card,2000
1192,814,bank_transfer,300
1193,815,bank_transfer,1200
1194,816,credit_card,400
1195,817,gift_card,1700
1196,818,bank_transfer,1600
1197,818,credit_card,600
1198,819,coupon,2300
1199,819,gift_card,100
1200,820,coupon,1700
1201,820,credit_card,1300
1202,821,credit_card,200
1203,821,bank_transfer,700
1204,822,bank_transfer,2100
1205,822,credit_card,200
1206,823,bank_transfer,1000
1207,824,gift_card,2500
1208,824,bank_transfer,300
1209,825,bank_transfer,2000
1210,825,credit_card,100
1211,826,credit_card,2900
1212,827,credit_card,2500
1213,828,coupon,1500
1214,828,bank_transfer,1100
1215,829,bank_transfer,2100
1216,829,credit_card,700
1217,830,coupon,100
1218,831,bank_transfer,2900
1219,831,coupon,100
1220,832,credit_card,2600
1221,833,gift_card,300
1222,833,bank_transfer,100
1223,834,credit_card,800
1224,835,credit_card,2200
1225,835,credit_card,700
1226,836,credit_card,700
1227,836,gift_card,1100
1228,837,gift_card,1700
1229,838,bank_transfer,2600
1230,838,bank_transfer,300
1231,839,bank_transfer,2400
1232,840,bank_transfer,1400
1233,841,gift_card,1600
1234,842,coupon,1900
1235,843,credit_card,500
1236,843,credit_card,800
1237,844,credit_card,2700
1238,844,coupon,300
1239,845,credit_card,600
1240,846,bank_transfer,1700
1241,846,gift_card,300
1242,847,credit_card,100
1243,848,bank_transfer,100
1244,848,bank_transfer,1100
1245,849,coupon,2100
1246,849,credit_card,700
1247,850,credit_card,600
1248,851,bank_transfer,100
1249,852,credit_card,1400
1250,853,credit_card,700
1251,854,credit_card,1800
1252,855,coupon,900
1253,856,coupon,1600
1254,856,gift_card,1400
1255,857,coupon,2100
1256,857,gift_card,300
1257,858,credit_card,1800
1258,859,coupon,2600
1259,859,gift_card,300
1260,860,credit_card,2500
1261,860,coupon,300
1262,861,gift_card,400
1263,861,gift_card,300
1264,862,gift_card,1400
1265,862,coupon,1400
1266,863,credit_card,600
1267,863,gift_card,1100
1268,864,gift_card,1300
1269,864,gift_card,1500
1270,865,bank_transfer,300
1271,865,coupon,400
1272,866,credit_card,2600
1273,866,bank_transfer,300
1274,867,gift_card,600
1275,868,gift_card,2500
1276,869,bank_transfer,2400
1277,870,coupon,1000
1278,870,credit_card,400
1279,871,credit_card,2900
1280,872,coupon,1200
1281,873,bank_transfer,2400
1282,873,credit_card,200
1283,874,coupon,2700
1284,874,credit_card,100
1285,875,gift_card,2500
1286,875,coupon,300
1287,876,coupon,1000
1288,877,gift_card,600
1289,878,bank_transfer,300
1290,879,credit_card,100
1291,880,bank_transfer,1800
1292,880,coupon,900
1293,881,credit_card,500
1294,881,gift_card,900
1295,882,credit_card,800
1296,882,gift_card,1500
1297,883,bank_transfer,2600
1298,884,bank_transfer,1900
1299,884,coupon,1100
1300,885,bank_transfer,2300
1301,886,credit_card,1900
1302,887,bank_transfer,2300
1303,888,bank_transfer,1600
1304,889,credit_card,2200
1305,890,coupon,1500
1306,891,credit_card,1000
1307,891,bank_transfer,1400
1308,892,bank_transfer,2300
1309,892,bank_transfer,700
1310,893,gift_card,1700
1311,894,credit_card,2700
1312,894,coupon,100
1313,895,bank_transfer,1600
1314,896,credit_card,1900
1315,897,bank_transfer,300
1316,897,bank_transfer,1000
1317,898,credit_card,1000
1318,899,credit_card,1600
1319,899,coupon,700
1320,900,bank_transfer,2800
1321,901,coupon,2200
1322,902,gift_card,1900
1323,903,bank_transfer,200
1324,904,coupon,1300
1325,904,bank_transfer,1000
1326,905,coupon,500
1327,906,bank_transfer,600
1328,906,credit_card,1000
1329,907,coupon,2700
1330,908,coupon,1500
1331,909,gift_card,100
1332,910,coupon,2500
1333,910,gift_card,100
1334,911,bank_transfer,1000
1335,911,coupon,1300
1336,912,gift_card,700
1337,913,credit_card,400
1338,914,bank_transfer,700
1339,915,credit_card,2200
1340,915,bank_transfer,400
1341,916,coupon,1500
1342,917,credit_card,2700
1343,917,bank_transfer,300
1344,918,credit_card,300
1345,918,gift_card,2000
1346,919,gift_card,2700
1347,920,bank_transfer,2400
1348,921,bank_transfer,1800
1349,922,bank_transfer,1600
1350,922,bank_transfer,900
1351,923,credit_card,600
1352,923,gift_card,200
1353,924,gift_card,2000
1354,924,gift_card,300
1355,925,coupon,2500
1356,925,gift_card,200
1357,926,coupon,2500
1358,927,credit_card,2500
1359,927,coupon,300
1360,928,bank_transfer,2100
1361,928,credit_card,400
1362,929,bank_transfer,200
1363,930,gift_card,2900
1364,931,bank_transfer,2300
1365,932,credit_card,1500
1366,933,coupon,2000
1367,933,bank_transfer,200
1368,934,bank_transfer,1000
1369,934,credit_card,1300
1370,935,credit_card,1800
1371,935,gift_card,1200
1372,936,credit_card,1300
1373,937,bank_transfer,100
1374,937,bank_transfer,2200
1375,938,coupon,1700
1376,939,bank_transfer,800
1377,940,gift_card,500
1378,941,gift_card,2700
1379,941,gift_card,200
1380,942,gift_card,2400
1381,942,credit_card,200
1382,943,gift_card,800
1383,944,credit_card,2800
1384,945,bank_transfer,700
1385,946,credit_card,100
1386,946,gift_card,700
1387,947,credit_card,900
1388,948,credit_card,300
1389,948,gift_card,300
1390,949,gift_card,2100
1391,950,bank_transfer,1800
1392,950,coupon,1200
1393,951,bank_transfer,2000
1394,951,coupon,1000
1395,952,coupon,2400
1396,952,coupon,300
1397,953,credit_card,1600
1398,954,gift_card,1900
1399,954,credit_card,1000
1400,955,credit_card,1200
1401,955,bank_transfer,400
1402,956,bank_transfer,1900
1403,957,credit_card,1800
1404,957,bank_transfer,300
1405,958,gift_card,2300
1406,959,credit_card,1200
1407,959,gift_card,1100
1408,960,coupon,1900
1409,961,gift_card,2800
1410,961,coupon,200
1411,962,credit_card,1300
1412,963,bank_transfer,2700
1413,963,coupon,100
1414,964,gift_card,100
1415,965,bank_transfer,800
1416,965,bank_transfer,1700
1417,966,credit_card,2800
1418,966,coupon,200
1419,967,coupon,400
1420,967,credit_card,800
1421,968,credit_card,2500
1422,969,bank_transfer,1900
1423,970,gift_card,1300
1424,971,coupon,2300
1425,971,coupon,700
1426,972,gift_card,400
1427,972,gift_card,600
1428,973,bank_transfer,400
1429,974,credit_card,1100
1430,975,gift_card,2300
1431,976,coupon,1400
1432,976,gift_card,200
1433,977,bank_transfer,2700
1434,977,gift_card,300
1435,978,gift_card,400
1436,978,coupon,1400
1437,979,coupon,1800
1438,979,bank_transfer,1000
1439,980,gift_card,500
1440,981,bank_transfer,1900
1441,981,bank_transfer,1000
1442,982,gift_card,1400
1443,983,bank_transfer,2300
1444,984,credit_card,1300
1445,984,bank_transfer,100
1446,985,bank_transfer,700
1447,986,gift_card,200
1448,986,coupon,1000
1449,987,credit_card,1800
1450,988,bank_transfer,400
1451,988,coupon,1700
1452,989,coupon,1300
1453,989,credit_card,900
1454,990,gift_card,1000
1455,991,credit_card,800
1456,992,coupon,900
1457,993,coupon,1400
1458,994,bank_transfer,1900
1459,995,credit_card,1200
1460,996,bank_transfer,2700
1461,997,bank_transfer,1700
1462,998,coupon,500
1463,998,bank_transfer,100
1464,999,coupon,2200
1465,1000,bank_transfer,200
1466,1000,gift_card,1000
1467,1001,bank_transfer,300
1468,1001,coupon,200
1469,1002,coupon,100
1470,1002,bank_transfer,1800
1471,1003,coupon,600
1472,1003,bank_transfer,1900
1473,1004,bank_transfer,2500
1474,1004,gift_card,500
1475,1005,gift_card,500
1476,1006,gift_card,300
1477,1006,coupon,2200
1478,1007,coupon,2800
1479,1007,coupon,200
1480,1008,credit_card,1400
1481,1008,coupon,400
1482,1009,gift_card,1300
1483,1010,bank_transfer,1800
1484,1010,coupon,200
1485,1011,coupon,1500
1486,1012,coupon,1200
1487,1013,bank_transfer,1300
1488,1013,gift_card,900
1489,1014,coupon,100
1490,1014,bank_transfer,1400
1491,1015,coupon,1700
1492,1015,coupon,200
1493,1016,bank_transfer,700
1494,1017,credit_card,1700
1495,1017,bank_transfer,300
1496,1018,gift_card,800
1497,1018,bank_transfer,1800
1498,1019,credit_card,2400
1499,1019,gift_card,200
1500,1020,credit_card,1600
1501,1020,credit_card,1000
1502,1021,coupon,400
1503,1021,gift_card,1100
1504,1022,credit_card,2400
1505,1022,coupon,100
1506,1023,bank_transfer,1100
1507,1024,coupon,300
1508,1024,credit_card,1500
1509,1025,coupon,2200
1510,1026,gift_card,2000
1511,1027,coupon,2200
1512,1028,coupon,2800
1513,1029,coupon,700
1514,1029,gift_card,2200
1515,1030,bank_transfer,1600
1516,1030,credit_card,700
1517,1031,coupon,600
1518,1032,bank_transfer,800
1519,1033,credit_card,2300
1520,1033,credit_card,300
1521,1034,coupon,2600
1522,1034,credit_card,200
1523,1035,credit_card,500
1524,1036,bank_transfer,1800
1525,1036,credit_card,200
1526,1037,credit_card,600
1527,1037,coupon,1900
1528,1038,bank_transfer,600
1529,1039,bank_transfer,400
1530,1040,gift_card,500
1531,1040,credit_card,1700
1532,1041,bank_transfer,500
1533,1041,gift_card,500
1534,1042,bank_transfer,1200
1535,1042,gift_card,1100
1536,1043,bank_transfer,1900
1537,1044,bank_transfer,200
1538,1045,coupon,1500
1539,1045,gift_card,1000
1540,1046,credit_card,500
1541,1047,coupon,1500
1542,1048,credit_card,1700
1543,1049,coupon,2500
1544,1049,bank_transfer,400
1545,1050,coupon,2000
1546,1050,bank_transfer,300
1547,1051,coupon,800
1548,1052,coupon,800
1549,1052,coupon,400
1550,1053,credit_card,2100
1551,1053,bank_transfer,700
1552,1054,gift_card,500
1553,1054,credit_card,2500
1554,1055,coupon,200
1555,1056,bank_transfer,1300
1556,1057,coupon,2000
1557,1058,gift_card,1500
1558,1059,credit_card,2100
1559,1059,coupon,300
1560,1060,gift_card,2900
1561,1060,credit_card,100
1562,1061,credit_card,400
1563,1061,credit_card,400
1564,1062,coupon,1100
1565,1063,credit_card,1400
1566,1063,coupon,400
1567,1064,credit_card,600
1568,1065,bank_transfer,2700
1569,1065,bank_transfer,200
1570,1066,gift_card,2700
1571,1067,gift_card,600
1572,1068,credit_card,200
1573,1069,gift_card,600
1574,1069,bank_transfer,900
1575,1070,gift_card,200
1576,1071,bank_transfer,200
1577,1071,coupon,2400
1578,1072,coupon,1700
1579,1072,bank_transfer,1300
1580,1073,bank_transfer,600
1581,1073,bank_transfer,1200
1582,1074,gift_card,2700
1583,1074,credit_card,100
1584,1075,credit_card,500
1585,1076,coupon,1300
1586,1077,coupon,1300
1587,1078,credit_card,700
1588,1078,gift_card,2300
1589,1079,bank_transfer,100
1590,1080,coupon,1700
1591,1081,credit_card,2100
1592,1081,credit_card,100
1593,1082,coupon,1100
1594,1082,bank_transfer,1600
1595,1083,bank_transfer,2700
1596,1084,gift_card,300
1597,1085,bank_transfer,400
1598,1085,bank_transfer,1900
1599,1086,gift_card,1000
1600,1087,credit_card,1700
1601,1087,credit_card,1300
1602,1088,credit_card,600
1603,1088,credit_card,1300
1604,1089,gift_card,2700
1605,1090,gift_card,2500
1606,1091,credit_card,2000
1607,1091,bank_transfer,1000
1608,1092,gift_card,300
1609,1093,bank_transfer,200
1610,1094,gift_card,2500
1611,1095,credit_card,2000
1612,1095,gift_card,100
1613,1096,gift_card,100
1614,1096,coupon,2600
1615,1097,gift_card,2700
1616,1098,coupon,2500
1617,1098,gift_card,500
1618,1099,gift_card,1200
1619,1100,gift_card,800
1620,1100,coupon,1100
1621,1101,gift_card,900
1622,1102,gift_card,2300
1623,1103,gift_card,1300
1624,1103,gift_card,100
1625,1104,gift_card,2600
1626,1104,coupon,100
1627,1105,bank_transfer,2800
1628,1106,coupon,2300
1629,1106,credit_card,200
1630,1107,bank_transfer,2900
1631,1107,gift_card,100
1632,1108,gift_card,400
1633,1108,gift_card,1100
1634,1109,gift_card,2700
1635,1109,bank_transfer,100
1636,1110,coupon,2000
1637,1110,gift_card,400
1638,1111,bank_transfer,2200
1639,1111,credit_card,800
1640,1112,gift_card,2400
1641,1113,bank_transfer,1500
1642,1114,coupon,1700
1643,1114,gift_card,1300
1644,1115,gift_card,1300
1645,1115,gift_card,900
1646,1116,gift_card,800
1647,1116,gift_card,800
1648,1117,bank_transfer,1500
1649,1118,credit_card,900
1650,1118,credit_card,200
1651,1119,coupon,1800
1652,1120,coupon,800
1653,1121,credit_card,2000
1654,1121,coupon,400
1655,1122,coupon,1500
1656,1123,gift_card,2300
1657,1124,coupon,2100
1658,1125,gift_card,1400
1659,1126,coupon,200
1660,1127,credit_card,2500
1661,1127,gift_card,300
1662,1128,bank_transfer,2200
1663,1129,gift_card,2600
1664,1130,credit_card,800
1665,1131,gift_card,1000
1666,1131,bank_transfer,400
1667,1132,coupon,500
1668,1133,gift_card,900
1669,1133,coupon,1500
1670,1134,gift_card,1100
1671,1134,bank_transfer,1000
1672,1135,coupon,1600
1673,1136,gift_card,1700
1674,1136,gift_card,1000
1675,1137,credit_card,600
1676,1137,bank_transfer,800
1677,1138,gift_card,700
1678,1138,bank_transfer,1900
1679,1139,coupon,1800
1680,1140,coupon,1200
1681,1140,coupon,300
1682,1141,gift_card,2400
1683,1142,credit_card,1700
1684,1143,credit_card,800
1685,1144,coupon,1600
1686,1145,credit_card,200
1687,1145,coupon,900
1688,1146,bank_transfer,2000
1689,1146,bank_transfer,100
1690,1147,coupon,1700
1691,1148,coupon,300
1692,1148,bank_transfer,1400
1693,1149,credit_card,2200
1694,1150,credit_card,300
1695,1150,bank_transfer,2000
1696,1151,gift_card,2100
1697,1151,gift_card,400
1698,1152,credit_card,1500
1699,1152,coupon,700
1700,1153,gift_card,600
1701,1154,credit_card,1800
1702,1155,gift_card,2300
1703,1155,gift_card,300
1704,1156,coupon,1000
1705,1157,gift_card,800
1706,1158,bank_transfer,1500
1707,1159,coupon,1200
1708,1159,credit_card,100
1709,1160,gift_card,1900
1710,1160,credit_card,300
1711,1161,bank_transfer,100
1712,1161,credit_card,2600
1713,1162,credit_card,1000
1714,1163,credit_card,400
1715,1164,credit_card,900
1716,1164,coupon,400
1717,1165,bank_transfer,500
1718,1166,coupon,1200
1719,1166,credit_card,1200
1720,1167,credit_card,2300
1721,1167,coupon,300
1722,1168,coupon,1900
1723,1168,credit_card,200
1724,1169,coupon,1800
1725,1170,coupon,1300
1726,1170,credit_card,1200
1727,1171,gift_card,900
1728,1172,gift_card,1400
1729,1173,bank_transfer,800
1730,1174,credit_card,2200
1731,1175,bank_transfer,2300
1732,1176,credit_card,600
1733,1176,gift_card,1000
1734,1177,bank_transfer,1200
1735,1177,credit_card,1500
1736,1178,coupon,500
1737,1178,credit_card,1500
1738,1179,coupon,300
1739,1179,gift_card,2100
1740,1180,gift_card,2700
1741,1181,credit_card,2600
1742,1181,credit_card,100
1743,1182,gift_card,2800
1744,1183,bank_transfer,100
1745,1184,credit_card,1300
1746,1185,credit_card,200
1747,1185,credit_card,200
1748,1186,coupon,2000
1749,1187,credit_card,2300
1750,1188,gift_card,2400
1751,1189,bank_transfer,2300
1752,1190,gift_card,1600
1753,1191,credit_card,600
1754,1191,bank_transfer,100
1755,1192,bank_transfer,1200
1756,1192,coupon,1800
1757,1193,bank_transfer,900
1758,1194,coupon,1000
1759,1195,coupon,2600
1760,1195,credit_card,400
1761,1196,coupon,300
1762,1197,bank_transfer,2900
1763,1198,gift_card,1100
1764,1199,bank_transfer,200
1765,1199,bank_transfer,2800
1766,1200,credit_card,1600
1767,1201,coupon,400
1768,1202,bank_transfer,800
1769,1203,credit_card,200
1770,1204,bank_transfer,700
1771,1204,gift_card,1200
1772,1205,coupon,2700
1773,1205,credit_card,100
1774,1206,gift_card,2600
1775,1206,bank_transfer,200
1776,1207,coupon,200
1777,1207,bank_transfer,2300
1778,1208,bank_transfer,1100
1779,1209,credit_card,2700
1780,1209,gift_card,300
1781,1210,bank_transfer,2000
1782,1211,bank_transfer,2200
1783,1211,bank_transfer,800
1784,1212,coupon,1100
1785,1212,credit_card,1000
1786,1213,bank_transfer,600
1787,1213,credit_card,2200
1788,1214,gift_card,800
1789,1214,credit_card,1700
1790,1215,bank_transfer,2400
1791,1216,gift_card,900
1792,1217,credit_card,600
1793,1217,gift_card,1100
1794,1218,credit_card,1700
1795,1218,gift_card,800
1796,1219,gift_card,2600
1797,1219,gift_card,100
1798,1220,bank_transfer,1000
1799,1220,bank_transfer,900
1800,1221,bank_transfer,1200
1801,1222,coupon,1600
1802,1223,credit_card,1700
1803,1223,gift_card,1200
1804,1224,gift_card,1000
1805,1224,coupon,500
1806,1225,bank_transfer,2300
1807,1225,credit_card,600
1808,1226,bank_transfer,1700
1809,1227,coupon,2700
1810,1228,coupon,1200
1811,1229,bank_transfer,1600
1812,1229,coupon,600
1813,1230,gift_card,2100
1814,1230,credit_card,900
1815,1231,coupon,300
1816,1232,coupon,2500
1817,1233,credit_card,700
1818,1233,coupon,1800
1819,1234,bank_transfer,300
1820,1234,credit_card,600
1821,1235,coupon,2500
1822,1236,credit_card,200
1823,1236,credit_card,800
1824,1237,bank_transfer,2100
1825,1237,coupon,700
1826,1238,gift_card,600
1827,1238,coupon,1500
1828,1239,bank_transfer,1300
1829,1239,bank_transfer,800
1830,1240,bank_transfer,1800
1831,1241,coupon,2800
1832,1242,coupon,1300
1833,1243,credit_card,2800
1834,1243,coupon,200
1835,1244,gift_card,2800
1836,1245,bank_transfer,1800
1837,1246,credit_card,1900
1838,1246,gift_card,700
1839,1247,bank_transfer,2300
1840,1248,credit_card,700
1841,1248,credit_card,1200
1842,1249,bank_transfer,300
1843,1250,gift_card,900
1844,1251,coupon,100
1845,1251,coupon,800
1846,1252,gift_card,1400
1847,1252,coupon,700
1848,1253,credit_card,2500
1849,1254,coupon,2300
1850,1254,coupon,600
1851,1255,credit_card,1200
1852,1256,gift_card,1700
1853,1257,credit_card,2800
1854,1257,bank_transfer,200
1855,1258,credit_card,2700
1856,1259,bank_transfer,500
1857,1259,bank_transfer,200
1858,1260,coupon,2400
1859,1261,coupon,1700
1860,1262,credit_card,2700
1861,1262,credit_card,100
1862,1263,credit_card,1900
1863,1263,coupon,400
1864,1264,gift_card,2600
1865,1265,credit_card,100
1866,1265,gift_card,600
1867,1266,credit_card,1600
1868,1266,credit_card,300
1869,1267,credit_card,2900
1870,1268,bank_transfer,300
1871,1269,bank_transfer,1800
1872,1270,credit_card,1600
1873,1270,credit_card,900
1874,1271,coupon,900
1875,1271,coupon,500
1876,1272,bank_transfer,2300
1877,1272,coupon,400
1878,1273,coupon,1400
1879,1274,bank_transfer,100
1880,1275,bank_transfer,2200
1881,1275,credit_card,200
1882,1276,coupon,1800
1883,1277,bank_transfer,1800
1884,1278,bank_transfer,2800
1885,1278,gift_card,100
1886,1279,coupon,700
1887,1279,bank_transfer,1000
1888,1280,coupon,400
1889,1280,coupon,2500
1890,1281,bank_transfer,900
1891,1282,gift_card,500
1892,1283,coupon,2800
1893,1283,gift_card,200
1894,1284,credit_card,100
1895,1285,gift_card,2600
1896,1286,gift_card,1000
1897,1286,coupon,200
1898,1287,gift_card,900
1899,1288,bank_transfer,1300
1900,1288,credit_card,100
1901,1289,gift_card,1500
1902,1289,bank_transfer,700
1903,1290,coupon,2800
1904,1291,coupon,400
1905,1291,coupon,1900
1906,1292,bank_transfer,2500
1907,1293,bank_transfer,2700
1908,1293,bank_transfer,200
1909,1294,gift_card,800
1910,1294,coupon,1700
1911,1295,credit_card,900
1912,1296,bank_transfer,1900
1913,1296,coupon,200
1914,1297,credit_card,2800
1915,1297,credit_card,200
1916,1298,bank_transfer,2100
1917,1299,coupon,2600
1918,1300,coupon,700
1919,1300,coupon,400
1920,1301,bank_transfer,1500
1921,1302,bank_transfer,400
1922,1302,gift_card,1300
1923,1303,gift_card,1800
1924,1303,coupon,1100
1925,1304,coupon,900
1926,1304,bank_transfer,1300
1927,1305,bank_transfer,800
1928,1305,bank_transfer,1700
1929,1306,gift_card,1700
1930,1306,credit_card,200
1931,1307,bank_transfer,2400
1932,1308,bank_transfer,2900
1933,1309,bank_transfer,1900
1934,1309,coupon,400
1935,1310,gift_card,1100
1936,1311,bank_transfer,600
1937,1312,coupon,1900
1938,1313,gift_card,1900
1939,1313,bank_transfer,300
1940,1314,coupon,1100
1941,1314,coupon,900
1942,1315,credit_card,700
1943,1315,credit_card,1100
1944,1316,gift_card,2900
1945,1316,gift_card,100
1946,1317,coupon,900
1947,1318,coupon,1000
1948,1319,coupon,500
1949,1320,credit_card,1800
1950,1321,credit_card,1600
1951,1321,gift_card,200
1952,1322,coupon,1900
1953,1323,bank_transfer,2800
1954,1323,bank_transfer,200
1955,1324,bank_transfer,2500
1956,1325,bank_transfer,1500
1957,1326,coupon,1200
1958,1327,bank_transfer,600
1959,1328,gift_card,2300
1960,1328,coupon,700
1961,1329,gift_card,2100
1962,1330,credit_card,2400
1963,1331,gift_card,2700
1964,1331,credit_card,200
1965,1332,gift_card,2500
1966,1333,gift_card,100
1967,1333,coupon,2100
1968,1334,gift_card,500
1969,1335,gift_card,600
1970,1335,gift_card,1500
1971,1336,bank_transfer,600
1972,1336,credit_card,300
1973,1337,coupon,1500
1974,1337,bank_transfer,200
1975,1338,bank_transfer,1200
1976,1339,credit_card,2400
1977,1339,gift_card,100
1978,1340,credit_card,700
1979,1340,bank_transfer,1700
1980,1341,bank_transfer,400
1981,1342,gift_card,400
1982,1342,credit_card,2300
1983,1343,credit_card,2800
1984,1344,coupon,1400
1985,1344,coupon,400
1986,1345,gift_card,600
1987,1345,credit_card,1100
1988,1346,credit_card,2800
1989,1346,gift_card,100
1990,1347,bank_transfer,1700
1991,1347,coupon,600
1992,1348,bank_transfer,2200
1993,1349,credit_card,2900
1994,1349,credit_card,100
1995,1350,gift_card,500
1996,1350,coupon,2500
1997,1351,gift_card,1200
1998,1351,coupon,900
1999,1352,gift_card,1600
2000,1352,coupon,400
2001,1353,bank_transfer,200
2002,1353,gift_card,2700
2003,1354,credit_card,2000
2004,1355,credit_card,2500
2005,1356,bank_transfer,1200
2006,1356,credit_card,1000
2007,1357,coupon,900
2008,1357,coupon,1700
2009,1358,bank_transfer,2500
2010,1359,coupon,1800
2011,1360,credit_card,2900
2012,1360,bank_transfer,100
2013,1361,coupon,600
2014,1362,gift_card,1000
2015,1362,coupon,200
2016,1363,gift_card,1200
2017,1364,coupon,1600
2018,1364,credit_card,100
2019,1365,coupon,100
2020,1365,bank_transfer,500
2021,1366,bank_transfer,1400
2022,1366,credit_card,900
2023,1367,bank_transfer,600
2024,1367,bank_transfer,1500
2025,1368,credit_card,1800
2026,1369,coupon,400
2027,1369,gift_card,200
2028,1370,coupon,700
2029,1370,coupon,1300
2030,1371,coupon,1500
2031,1371,coupon,1500
2032,1372,gift_card,2300
2033,1372,coupon,100
2034,1373,bank_transfer,2700
2035,1374,credit_card,2400
2036,1374,gift_card,600
2037,1375,coupon,800
2038,1375,gift_card,1100
2039,1376,bank_transfer,2800
2040,1376,coupon,100
2041,1377,credit_card,2200
2042,1378,gift_card,1000
2043,1379,coupon,700
2044,1379,credit_card,2000
2045,1380,coupon,1700
2046,1380,coupon,1000
2047,1381,bank_transfer,1700
2048,1381,bank_transfer,300
2049,1382,credit_card,2500
2050,1382,coupon,300
2051,1383,bank_transfer,500
2052,1384,coupon,700
2053,1385,coupon,500
2054,1386,coupon,1800
2055,1386,credit_card,800
2056,1387,bank_transfer,1200
2057,1388,credit_card,2400
2058,1389,bank_transfer,400
2059,1390,gift_card,1800
2060,1391,gift_card,800
2061,1391,gift_card,700
2062,1392,gift_card,1700
2063,1392,gift_card,1300
2064,1393,credit_card,2400
2065,1393,credit_card,400
2066,1394,bank_transfer,500
2067,1394,bank_transfer,500
2068,1395,bank_transfer,1000
2069,1396,credit_card,1000
2070,1396,coupon,1100
2071,1397,bank_transfer,1700
2072,1398,bank_transfer,100
2073,1398,gift_card,1300
2074,1399,credit_card,2300
2075,1400,bank_transfer,600
2076,1401,credit_card,600
2077,1401,credit_card,2200
2078,1402,bank_transfer,2200
2079,1402,bank_transfer,200
2080,1403,bank_transfer,2600
2081,1404,bank_transfer,1100
2082,1405,gift_card,2800
2083,1405,credit_card,200
2084,1406,credit_card,1600
2085,1406,bank_transfer,200
2086,1407,coupon,500
2087,1407,coupon,900
2088,1408,bank_transfer,1100
2089,1409,bank_transfer,2500
2090,1409,bank_transfer,400
2091,1410,gift_card,200
2092,1411,gift_card,300
2093,1412,credit_card,1000
2094,1412,bank_transfer,1800
2095,1413,bank_transfer,2300
2096,1413,coupon,400
2097,1414,coupon,2600
2098,1414,coupon,100
2099,1415,bank_transfer,600
2100,1415,gift_card,1100
2101,1416,bank_transfer,2100
2102,1416,credit_card,300
2103,1417,gift_card,1300
2104,1417,gift_card,1000
2105,1418,gift_card,800
2106,1419,coupon,1500
2107,1419,bank_transfer,400
2108,1420,gift_card,2100
2109,1420,coupon,900
2110,1421,gift_card,1700
2111,1421,coupon,1200
2112,1422,coupon,1000
2113,1423,bank_transfer,1900
2114,1423,credit_card,1100
2115,1424,credit_card,1100
2116,1424,bank_transfer,500
2117,1425,bank_transfer,2600
2118,1426,coupon,1700
2119,1427,coupon,800
2120,1428,bank_transfer,2400
2121,1429,coupon,2300
2122,1429,bank_transfer,400
2123,1430,credit_card,500
2124,1430,coupon,500
2125,1431,bank_transfer,2800
2126,1432,coupon,300
2127,1433,credit_card,1900
2128,1434,gift_card,1800
2129,1434,coupon,400
2130,1435,gift_card,2500
2131,1436,bank_transfer,600
2132,1436,gift_card,500
2133,1437,bank_transfer,1800
2134,1438,coupon,300
2135,1438,bank_transfer,1700
2136,1439,bank_transfer,2100
2137,1439,bank_transfer,800
2138,1440,credit_card,1400
2139,1441,coupon,2100
2140,1441,bank_transfer,600
2141,1442,bank_transfer,500
2142,1443,bank_transfer,800
2143,1443,coupon,1600
2144,1444,coupon,200
2145,1445,coupon,2200
2146,1445,gift_card,300
2147,1446,coupon,2800
2148,1447,coupon,2300
2149,1447,coupon,600
2150,1448,bank_transfer,900
2151,1448,coupon,1600
2152,1449,credit_card,1300
2153,1449,coupon,1700
2154,1450,gift_card,2000
2155,1451,bank_transfer,2900
2156,1452,gift_card,400
2157,1453,bank_transfer,1200
2158,1453,bank_transfer,700
2159,1454,bank_transfer,100
2160,1455,coupon,400
2161,1455,credit_card,2400
2162,1456,credit_card,1300
2163,1457,credit_card,400
2164,1458,coupon,2700
2165,1459,coupon,400
2166,1460,bank_transfer,2700
2167,1460,coupon,100
2168,1461,bank_transfer,100
2169,1461,coupon,1700
2170,1462,bank_transfer,300
2171,1462,gift_card,400
2172,1463,bank_transfer,1500
2173,1463,coupon,1500
2174,1464,coupon,1600
2175,1465,gift_card,1900
2176,1466,gift_card,2100
2177,1466,coupon,400
2178,1467,bank_transfer,1200
2179,1468,coupon,2900
2180,1469,bank_transfer,300
2181,1469,coupon,2100
2182,1470,credit_card,2300
2183,1471,coupon,2100
2184,1472,bank_transfer,2700
2185,1473,coupon,600
2186,1473,credit_card,900
2187,1474,coupon,400
2188,1475,credit_card,900
2189,1475,gift_card,1400
2190,1476,coupon,2900
2191,1477,gift_card,1400
2192,1477,coupon,1400
2193,1478,credit_card,100
2194,1478,coupon,400
2195,1479,gift_card,1200
2196,1479,credit_card,800
2197,1480,bank_transfer,2300
2198,1481,gift_card,800
2199,1482,gift_card,2500
2200,1483,gift_card,2300
2201,1483,credit_card,400
2202,1484,credit_card,2600
2203,1484,credit_card,300
2204,1485,gift_card,1600
2205,1486,bank_transfer,1100
2206,1486,gift_card,1400
2207,1487,gift_card,600
2208,1488,coupon,1600
2209,1489,gift_card,2000
2210,1490,bank_transfer,2700
2211,1490,gift_card,200
2212,1491,gift_card,2400
2213,1492,bank_transfer,1900
2214,1493,bank_transfer,2700
2215,1494,bank_transfer,600
2216,1494,gift_card,100
2217,1495,gift_card,2500
2218,1495,coupon,500
2219,1496,gift_card,1400
2220,1496,bank_transfer,500
2221,1497,bank_transfer,400
2222,1498,bank_transfer,200
2223,1498,bank_transfer,2500
2224,1499,bank_transfer,600
2225,1499,credit_card,2300
2226,1500,coupon,2900
2227,1500,gift_card,100
2228,1501,coupon,400
2229,1501,bank_transfer,2600
2230,1502,bank_transfer,1600
2231,1502,bank_transfer,1300
2232,1503,coupon,1400
2233,1503,bank_transfer,800
2234,1504,credit_card,1000
2235,1505,credit_card,100
2236,1505,coupon,1000
2237,1506,credit_card,2700
2238,1507,bank_transfer,700
2239,1508,coupon,1200
2240,1508,credit_card,900
2241,1509,credit_card,2900
2242,1509,gift_card,100
2243,1510,gift_card,500
2244,1510,bank_transfer,700
2245,1511,credit_card,2000
2246,1511,coupon,300
2247,1512,gift_card,1000
2248,1513,credit_card,1300
2249,1513,coupon,1400
2250,1514,coupon,1900
2251,1515,credit_card,1100
2252,1516,coupon,2500
2253,1517,gift_card,1900
2254,1517,gift_card,800
2255,1518,credit_card,800
2256,1518,gift_card,1100
2257,1519,bank_transfer,1500
2258,1519,coupon,400
2259,1520,credit_card,2500
2260,1520,gift_card,100
2261,1521,coupon,900
2262,1522,coupon,600
2263,1522,coupon,1000
2264,1523,credit_card,300
2265,1523,gift_card,2300
2266,1524,coupon,800
2267,1524,credit_card,200
2268,1525,gift_card,2500
2269,1526,coupon,1600
2270,1526,coupon,300
2271,1527,gift_card,700
2272,1528,credit_card,700
2273,1528,coupon,1800
2274,1529,gift_card,1100
2275,1529,credit_card,700
2276,1530,gift_card,1200
2277,1531,credit_card,2600
2278,1532,gift_card,1200
2279,1532,gift_card,500
2280,1533,bank_transfer,2100
2281,1533,credit_card,200
2282,1534,gift_card,1200
2283,1535,credit_card,900
2284,1535,gift_card,1900
2285,1536,credit_card,2500
2286,1536,credit_card,100
2287,1537,coupon,100
2288,1537,bank_transfer,2100
2289,1538,credit_card,100
2290,1538,coupon,1400
2291,1539,gift_card,1800
2292,1540,bank_transfer,1800
2293,1540,credit_card,600
2294,1541,credit_card,2200
2295,1541,credit_card,500
2296,1542,bank_transfer,400
2297,1543,gift_card,2700
2298,1543,bank_transfer,300
2299,1544,coupon,1300
2300,1544,gift_card,1300
2301,1545,bank_transfer,2900
2302,1545,credit_card,100
2303,1546,gift_card,2300
2304,1546,gift_card,500
2305,1547,gift_card,2800
2306,1548,credit_card,1600
2307,1548,gift_card,1000
2308,1549,gift_card,600
2309,1550,credit_card,2100
2310,1550,credit_card,100
2311,1551,coupon,2100
2312,1551,coupon,900
2313,1552,gift_card,2300
2314,1552,coupon,600
2315,1553,bank_transfer,2000
2316,1554,gift_card,1400
2317,1554,gift_card,500
2318,1555,coupon,2600
2319,1556,credit_card,1000
2320,1556,credit_card,1000
2321,1557,bank_transfer,2200
2322,1558,coupon,400
2323,1558,coupon,1200
2324,1559,gift_card,800
2325,1559,credit_card,1900
2326,1560,gift_card,1500
2327,1560,credit_card,400
2328,1561,coupon,1600
2329,1562,bank_transfer,600
2330,1563,credit_card,1900
2331,1563,coupon,600
2332,1564,gift_card,2600
2333,1565,gift_card,1000
2334,1565,coupon,1100
2335,1566,bank_transfer,900
2336,1566,coupon,700
2337,1567,bank_transfer,2800
2338,1567,credit_card,100
2339,1568,gift_card,1800
2340,1568,coupon,900
2341,1569,coupon,1500
2342,1569,bank_transfer,1300
2343,1570,credit_card,2400
2344,1570,bank_transfer,400
2345,1571,bank_transfer,2100
2346,1571,gift_card,700
2347,1572,credit_card,700
2348,1572,bank_transfer,700
2349,1573,coupon,600
2350,1574,coupon,900
2351,1575,coupon,200
2352,1576,bank_transfer,1500
2353,1577,bank_transfer,1200
2354,1577,credit_card,1700
2355,1578,coupon,2400
2356,1579,gift_card,1400
2357,1580,coupon,500
2358,1581,gift_card,700
2359,1582,coupon,2600
2360,1583,bank_transfer,2900
2361,1583,coupon,100
2362,1584,coupon,600
2363,1585,credit_card,2900
2364,1585,bank_transfer,100
2365,1586,coupon,2200
2366,1586,credit_card,500
2367,1587,coupon,2400
2368,1587,gift_card,600
2369,1588,bank_transfer,1400
2370,1588,bank_transfer,1500
2371,1589,credit_card,1200
2372,1589,gift_card,1100
2373,1590,bank_transfer,800
2374,1591,coupon,1300
2375,1592,coupon,2100
2376,1592,gift_card,500
2377,1593,bank_transfer,1400
2378,1594,gift_card,500
2379,1594,bank_transfer,1200
2380,1595,gift_card,2300
2381,1596,credit_card,100
2382,1596,credit_card,2200
2383,1597,credit_card,800
2384,1598,coupon,2000
2385,1599,gift_card,2700
2386,1599,gift_card,300
2387,1600,coupon,400
2388,1601,bank_transfer,600
2389,1602,gift_card,500
2390,1602,gift_card,1000
2391,1603,gift_card,2500
2392,1603,gift_card,500
2393,1604,coupon,500
2394,1604,coupon,1100
2395,1605,coupon,2800
2396,1605,credit_card,100
2397,1606,bank_transfer,800
2398,1607,gift_card,2500
2399,1607,bank_transfer,400
2400,1608,bank_transfer,300
2401,1608,bank_transfer,1900
2402,1609,bank_transfer,2200
2403,1609,coupon,600
2404,1610,bank_transfer,2000
2405,1611,bank_transfer,1900
2406,1612,credit_card,1000
2407,1613,gift_card,1600
2408,1614,credit_card,1600
2409,1614,coupon,200
2410,1615,credit_card,2900
2411,1616,gift_card,2200
2412,1616,coupon,700
2413,1617,credit_card,2200
2414,1618,bank_transfer,1400
2415,1619,credit_card,1300
2416,1620,bank_transfer,1200
2417,1621,bank_transfer,1400
2418,1621,credit_card,1400
2419,1622,coupon,800
2420,1623,gift_card,200
2421,1624,bank_transfer,800
2422,1625,credit_card,1900
2423,1625,coupon,600
2424,1626,gift_card,100
2425,1626,gift_card,700
2426,1627,coupon,700
2427,1628,coupon,2400
2428,1628,bank_transfer,100
2429,1629,gift_card,1200
2430,1629,gift_card,1300
2431,1630,credit_card,2500
2432,1630,coupon,500
2433,1631,gift_card,1100
2434,1631,gift_card,300
2435,1632,gift_card,2000
2436,1633,credit_card,2600
2437,1633,gift_card,100
2438,1634,coupon,200
2439,1635,credit_card,1500
2440,1636,gift_card,2800
2441,1636,credit_card,200
2442,1637,coupon,1800
2443,1637,bank_transfer,400
2444,1638,gift_card,400
2445,1638,credit_card,1700
2446,1639,credit_card,1100
2447,1640,gift_card,500
2448,1640,gift_card,1800
2449,1641,bank_transfer,2900
2450,1642,coupon,2400
2451,1643,bank_transfer,400
2452,1643,credit_card,500
2453,1644,coupon,2600
2454,1644,gift_card,200
2455,1645,bank_transfer,2500
2456,1645,credit_card,100
2457,1646,gift_card,100
2458,1647,bank_transfer,2600
2459,1647,gift_card,100
2460,1648,coupon,1700
2461,1649,credit_card,1100
2462,1649,gift_card,800
2463,1650,credit_card,2400
2464,1651,coupon,2000
2465,1651,gift_card,300
2466,1652,gift_card,1100
2467,1653,credit_card,900
2468,1654,credit_card,2400
2469,1655,bank_transfer,1100
2470,1655,gift_card,700
2471,1656,coupon,1900
2472,1657,gift_card,1600
2473,1658,bank_transfer,500
2474,1659,coupon,2800
2475,1659,coupon,100
2476,1660,credit_card,2800
2477,1660,coupon,100
2478,1661,gift_card,200
2479,1662,gift_card,2800
2480,1663,credit_card,2900
2481,1664,bank_transfer,2100
2482,1664,credit_card,300
2483,1665,coupon,400
2484,1666,bank_transfer,1500
2485,1667,coupon,2700
2486,1668,bank_transfer,400
2487,1669,bank_transfer,200
2488,1669,coupon,1200
2489,1670,gift_card,2500
2490,1671,credit_card,1100
2491,1671,credit_card,1500
2492,1672,gift_card,2800
2493,1672,credit_card,200
2494,1673,bank_transfer,1500
2495,1673,bank_transfer,1400
2496,1674,gift_card,700
2497,1675,credit_card,100
2498,1675,credit_card,2900
2499,1676,credit_card,900
2500,1677,bank_transfer,2200
2501,1678,credit_card,400
2502,1678,bank_transfer,2200
2503,1679,coupon,100
2504,1679,gift_card,2700
2505,1680,coupon,800
2506,1680,coupon,300
2507,1681,bank_transfer,400
2508,1682,credit_card,400
2509,1683,gift_card,1400
2510,1684,bank_transfer,900
2511,1684,coupon,400
2512,1685,credit_card,1700
2513,1686,bank_transfer,400
2514,1687,coupon,1700
2515,1687,credit_card,700
2516,1688,coupon,1200
2517,1688,bank_transfer,800
2518,1689,bank_transfer,1100
2519,1690,credit_card,500
2520,1691,gift_card,2300
2521,1692,coupon,1100
2522,1693,credit_card,2100
2523,1693,bank_transfer,800
2524,1694,credit_card,1200
2525,1695,credit_card,200
2526,1696,gift_card,1600
2527,1696,coupon,1000
2528,1697,gift_card,2500
2529,1698,credit_card,2700
2530,1698,coupon,300
2531,1699,bank_transfer,2900
2532,1699,coupon,100
2533,1700,gift_card,1000
2534,1700,gift_card,900
2535,1701,bank_transfer,900
2536,1702,credit_card,1200
2537,1702,bank_transfer,1400
2538,1703,gift_card,1400
2539,1704,credit_card,900
2540,1704,credit_card,1500
2541,1705,credit_card,2500
2542,1706,bank_transfer,2600
2543,1707,credit_card,500
2544,1707,bank_transfer,1400
2545,1708,bank_transfer,2200
2546,1708,coupon,300
2547,1709,bank_transfer,1800
2548,1709,coupon,100
2549,1710,gift_card,600
2550,1711,credit_card,1600
2551,1711,coupon,1200
2552,1712,gift_card,2600
2553,1712,gift_card,400
2554,1713,coupon,700
2555,1714,gift_card,600
2556,1715,bank_transfer,300
2557,1716,coupon,900
2558,1716,credit_card,900
2559,1717,bank_transfer,1500
2560,1717,gift_card,300
2561,1718,bank_transfer,2300
2562,1719,credit_card,2000
2563,1719,bank_transfer,300
2564,1720,credit_card,400
2565,1721,credit_card,1100
2566,1722,credit_card,2400
2567,1723,bank_transfer,600
2568,1723,coupon,1700
2569,1724,credit_card,2200
2570,1725,credit_card,800
2571,1726,coupon,1100
2572,1726,credit_card,1900
2573,1727,coupon,2300
2574,1727,credit_card,200
2575,1728,gift_card,600
2576,1728,credit_card,1100
2577,1729,coupon,1100
2578,1729,coupon,1300
2579,1730,bank_transfer,2100
2580,1730,gift_card,700
2581,1731,bank_transfer,1200
2582,1732,coupon,500
2583,1732,credit_card,1300
2584,1733,gift_card,1600
2585,1734,gift_card,2500
2586,1735,bank_transfer,1300
2587,1736,gift_card,800
2588,1736,coupon,2000
2589,1737,gift_card,2200
2590,1737,bank_transfer,300
2591,1738,gift_card,900
2592,1739,bank_transfer,1100
2593,1740,coupon,400
2594,1740,bank_transfer,200
2595,1741,coupon,2900
2596,1741,gift_card,100
2597,1742,coupon,2000
2598,1743,gift_card,900
2599,1744,coupon,300
2600,1744,gift_card,700
2601,1745,gift_card,300
2602,1746,bank_transfer,1900
2603,1747,gift_card,300
2604,1748,coupon,1200
2605,1749,bank_transfer,2600
2606,1750,gift_card,100
2607,1751,bank_transfer,1400
2608,1752,credit_card,2400
2609,1753,gift_card,1300
2610,1753,bank_transfer,200
2611,1754,coupon,2200
2612,1754,bank_transfer,300
2613,1755,coupon,2600
2614,1756,credit_card,400
2615,1756,gift_card,900
2616,1757,credit_card,1800
2617,1758,gift_card,1300
2618,1758,coupon,900
2619,1759,coupon,1400
2620,1760,gift_card,700
2621,1761,coupon,500
2622,1762,coupon,500
2623,1762,coupon,1100
2624,1763,coupon,2400
2625,1764,coupon,900
2626,1765,credit_card,2700
2627,1765,gift_card,300
2628,1766,gift_card,200
2629,1766,bank_transfer,2300
2630,1767,gift_card,1200
2631,1767,credit_card,1000
2632,1768,bank_transfer,200
2633,1768,credit_card,600
2634,1769,bank_transfer,1700
2635,1769,coupon,200
2636,1770,coupon,300
2637,1770,gift_card,1300
2638,1771,coupon,1000
2639,1772,credit_card,1500
2640,1772,gift_card,300
2641,1773,credit_card,1400
2642,1773,coupon,100
2643,1774,gift_card,1400
2644,1774,bank_transfer,1300
2645,1775,coupon,2800
2646,1776,coupon,2100
2647,1777,credit_card,2300
2648,1777,gift_card,700
2649,1778,bank_transfer,2300
2650,1778,bank_transfer,400
2651,1779,coupon,1000
2652,1780,gift_card,2200
2653,1780,coupon,800
2654,1781,gift_card,800
2655,1782,bank_transfer,300
2656,1783,coupon,800
2657,1784,coupon,1100
2658,1785,credit_card,200
2659,1786,bank_transfer,1000
2660,1786,bank_transfer,1500
2661,1787,credit_card,1100
2662,1787,bank_transfer,300
2663,1788,gift_card,200
2664,1788,credit_card,1500
2665,1789,gift_card,2800
2666,1789,bank_transfer,200
2667,1790,bank_transfer,1400
2668,1790,coupon,800
2669,1791,credit_card,1700
2670,1791,bank_transfer,1200
2671,1792,bank_transfer,200
2672,1793,credit_card,1000
2673,1793,coupon,700
2674,1794,coupon,2700
2675,1794,gift_card,300
2676,1795,bank_transfer,2700
2677,1795,coupon,100
2678,1796,coupon,1400
2679,1797,bank_transfer,1200
2680,1798,coupon,100
2681,1798,credit_card,400
2682,1799,credit_card,1500
2683,1800,credit_card,2800
2684,1800,gift_card,200
2685,1801,bank_transfer,1000
2686,1801,coupon,300
2687,1802,bank_transfer,1500
2688,1802,credit_card,1300
2689,1803,credit_card,100
2690,1803,coupon,200
2691,1804,credit_card,1200
2692,1804,coupon,800
2693,1805,coupon,1300
2694,1805,bank_transfer,1300
2695,1806,credit_card,900
2696,1806,coupon,100
2697,1807,credit_card,1800
2698,1808,bank_transfer,1000
2699,1809,coupon,500
2700,1810,coupon,2200
2701,1810,gift_card,300
2702,1811,credit_card,2900
2703,1812,coupon,1300
2704,1812,bank_transfer,600
2705,1813,gift_card,2400
2706,1813,bank_transfer,500
2707,1814,bank_transfer,1000
2708,1814,credit_card,400
2709,1815,credit_card,400
2710,1815,credit_card,2200
2711,1816,gift_card,200
2712,1816,bank_transfer,2600
2713,1817,bank_transfer,800
2714,1818,coupon,1400
2715,1818,bank_transfer,500
2716,1819,credit_card,1800
2717,1819,gift_card,1000
2718,1820,credit_card,1300
2719,1820,credit_card,1300
2720,1821,gift_card,1900
2721,1822,gift_card,2300
2722,1822,bank_transfer,600
2723,1823,gift_card,1500
2724,1823,bank_transfer,1500
2725,1824,credit_card,100
2726,1824,gift_card,2100
2727,1825,gift_card,1000
2728,1825,coupon,1600
2729,1826,credit_card,300
2730,1827,gift_card,2500
2731,1828,credit_card,2800
2732,1829,coupon,2100
2733,1829,gift_card,300
2734,1830,coupon,600
2735,1830,gift_card,100
2736,1831,gift_card,1900
2737,1831,coupon,300
2738,1832,credit_card,900
2739,1832,gift_card,1400
2740,1833,gift_card,1000
2741,1833,bank_transfer,1800
2742,1834,credit_card,1200
2743,1835,gift_card,1800
2744,1835,coupon,1200
2745,1836,gift_card,1800
2746,1837,coupon,100
2747,1838,gift_card,2100
2748,1838,coupon,900
2749,1839,gift_card,1400
2750,1840,bank_transfer,1800
2751,1840,gift_card,800
2752,1841,gift_card,2000
2753,1842,bank_transfer,2600
2754,1843,credit_card,800
2755,1844,bank_transfer,300
2756,1844,coupon,1400
2757,1845,coupon,1500
2758,1845,bank_transfer,300
2759,1846,coupon,600
2760,1846,credit_card,1500
2761,1847,coupon,2300
2762,1848,gift_card,800
2763,1848,credit_card,1900
2764,1849,coupon,2600
2765,1849,bank_transfer,200
2766,1850,bank_transfer,1700
2767,1850,credit_card,400
2768,1851,coupon,2400
2769,1851,gift_card,300
2770,1852,credit_card,1000
2771,1853,bank_transfer,2000
2772,1853,credit_card,700
2773,1854,bank_transfer,1200
2774,1855,bank_transfer,200
2775,1856,credit_card,200
2776,1856,bank_transfer,100
2777,1857,gift_card,1300
2778,1857,credit_card,1000
2779,1858,coupon,2600
2780,1859,gift_card,400
2781,1860,coupon,700
2782,1861,coupon,1300
2783,1862,coupon,2900
2784,1862,credit_card,100
2785,1863,bank_transfer,500
2786,1864,gift_card,400
2787,1864,bank_transfer,1400
2788,1865,credit_card,2800
2789,1866,bank_transfer,1200
2790,1867,credit_card,1400
2791,1867,coupon,1400
2792,1868,gift_card,1800
2793,1869,bank_transfer,500
2794,1869,gift_card,800
2795,1870,bank_transfer,2700
2796,1871,bank_transfer,500
2797,1872,gift_card,2100
2798,1873,gift_card,1800
2799,1874,gift_card,400
2800,1874,gift_card,900
2801,1875,credit_card,100
2802,1876,credit_card,500
2803,1876,gift_card,1500
2804,1877,bank_transfer,1500
2805,1878,gift_card,100
2806,1879,credit_card,2600
2807,1880,credit_card,2500
2808,1880,coupon,100
2809,1881,gift_card,2600
2810,1881,credit_card,100
2811,1882,gift_card,2100
2812,1882,bank_transfer,400
2813,1883,coupon,2300
2814,1883,coupon,400
2815,1884,bank_transfer,2000
2816,1884,credit_card,100
2817,1885,credit_card,200
2818,1885,credit_card,1100
2819,1886,gift_card,2600
2820,1886,bank_transfer,200
2821,1887,gift_card,700
2822,1888,coupon,2000
2823,1889,coupon,800
2824,1890,gift_card,700
2825,1891,credit_card,1800
2826,1891,bank_transfer,1100
2827,1892,coupon,1200
2828,1892,bank_transfer,900
2829,1893,credit_card,1000
2830,1893,credit_card,1900
2831,1894,coupon,900
2832,1895,bank_transfer,1200
2833,1895,bank_transfer,1700
2834,1896,gift_card,1500
2835,1897,bank_transfer,1000
2836,1898,gift_card,2600
2837,1899,bank_transfer,800
2838,1900,credit_card,2000
2839,1901,credit_card,1200
2840,1901,coupon,200
2841,1902,coupon,800
2842,1902,credit_card,100
2843,1903,bank_transfer,800
2844,1904,coupon,900
2845,1904,gift_card,100
2846,1905,credit_card,700
2847,1906,bank_transfer,2100
2848,1906,bank_transfer,300
2849,1907,coupon,2800
2850,1908,bank_transfer,200
2851,1908,bank_transfer,700
2852,1909,coupon,700
2853,1909,gift_card,1400
2854,1910,gift_card,2200
2855,1911,gift_card,700
2856,1912,bank_transfer,900
2857,1912,credit_card,400
2858,1913,credit_card,800
2859,1913,coupon,400
2860,1914,gift_card,800
2861,1914,bank_transfer,400
2862,1915,bank_transfer,1400
2863,1915,gift_card,1300
2864,1916,bank_transfer,2800
2865,1916,credit_card,200
2866,1917,coupon,1100
2867,1918,credit_card,500
2868,1919,bank_transfer,1100
2869,1919,credit_card,100
2870,1920,coupon,500
2871,1921,bank_transfer,1900
2872,1922,bank_transfer,900
2873,1922,coupon,1900
2874,1923,credit_card,1300
2875,1923,coupon,1300
2876,1924,gift_card,1800
2877,1925,gift_card,1900
2878,1926,gift_card,1300
2879,1927,coupon,500
2880,1927,coupon,2200
2881,1928,coupon,400
2882,1929,credit_card,1600
2883,1929,bank_transfer,600
2884,1930,coupon,300
2885,1931,bank_transfer,1800
2886,1932,gift_card,300
2887,1933,gift_card,1100
2888,1934,coupon,1000
2889,1935,coupon,2900
2890,1935,coupon,100
2891,1936,bank_transfer,400
2892,1937,coupon,2700
2893,1938,coupon,2000
2894,1938,credit_card,400
2895,1939,coupon,2900
2896,1940,gift_card,100
2897,1941,bank_transfer,2400
2898,1942,bank_transfer,900
2899,1942,coupon,700
2900,1943,bank_transfer,100
2901,1943,bank_transfer,1700
2902,1944,credit_card,1400
2903,1944,bank_transfer,1200
2904,1945,credit_card,2200
2905,1946,credit_card,2000
2906,1946,bank_transfer,100
2907,1947,coupon,2900
2908,1947,bank_transfer,100
2909,1948,coupon,500
2910,1949,coupon,1700
2911,1950,bank_transfer,2700
2912,1951,credit_card,2100
2913,1952,gift_card,1500
2914,1952,bank_transfer,1500
2915,1953,credit_card,2700
2916,1953,bank_transfer,200
2917,1954,coupon,1700
2918,1954,gift_card,1000
2919,1955,bank_transfer,1600
2920,1956,credit_card,1300
2921,1957,bank_transfer,1700
2922,1958,coupon,1100
2923,1958,coupon,1400
2924,1959,credit_card,2700
2925,1959,credit_card,200
2926,1960,bank_transfer,2500
2927,1960,bank_transfer,400
2928,1961,gift_card,1100
2929,1961,bank_transfer,400
2930,1962,gift_card,2000
2931,1962,coupon,300
2932,1963,credit_card,1800
2933,1964,gift_card,500
2934,1965,gift_card,2300
2935,1966,coupon,2400
2936,1967,gift_card,1700
2937,1968,coupon,1900
2938,1969,bank_transfer,2200
2939,1969,bank_transfer,500
2940,1970,bank_transfer,2200
2941,1971,credit_card,1000
2942,1972,bank_transfer,2400
2943,1973,bank_transfer,1200
2944,1973,gift_card,200
2945,1974,bank_transfer,400
2946,1974,credit_card,2200
2947,1975,coupon,200
2948,1975,coupon,600
2949,1976,credit_card,1700
2950,1977,gift_card,2500
2951,1978,bank_transfer,800
2952,1979,gift_card,1800
2953,1979,bank_transfer,1100
2954,1980,bank_transfer,200
2955,1980,gift_card,1800
2956,1981,coupon,900
2957,1982,credit_card,900
2958,1982,gift_card,100
2959,1983,credit_card,2600
2960,1983,gift_card,100
2961,1984,bank_transfer,1300
2962,1984,coupon,400
2963,1985,bank_transfer,200
2964,1985,gift_card,300
2965,1986,bank_transfer,1800
2966,1986,bank_transfer,800
2967,1987,coupon,2700
2968,1987,coupon,200
2969,1988,bank_transfer,400
2970,1989,coupon,300
2971,1990,credit_card,2800
2972,1991,credit_card,2600
2973,1991,credit_card,200
2974,1992,credit_card,700
2975,1993,gift_card,1200
2976,1994,gift_card,2300
2977,1994,credit_card,700
2978,1995,bank_transfer,2500
2979,1995,coupon,500
2980,1996,gift_card,2800
2981,1997,gift_card,1300
2982,1998,bank_transfer,2400
2983,1998,gift_card,100
2984,1999,gift_card,1800
2985,2000,bank_transfer,1900
2986,2001,bank_transfer,700
2987,2001,bank_transfer,1800
2988,2002,bank_transfer,300
2989,2002,bank_transfer,200
2990,2003,credit_card,200
2991,2004,credit_card,1700
2992,2005,credit_card,200
2993,2006,credit_card,2100
2994,2007,credit_card,1500
2995,2008,gift_card,2400
2996,2009,bank_transfer,500
2997,2010,coupon,2500
2998,2010,bank_transfer,200
2999,2011,coupon,1600
3000,2012,coupon,1200
3001,2013,coupon,500
3002,2013,coupon,1500
3003,2014,bank_transfer,1200
3004,2014,credit_card,1400
3005,2015,bank_transfer,1200
3006,2015,bank_transfer,1100
3007,2016,gift_card,900
3008,2017,credit_card,2800
3009,2017,credit_card,100
3010,2018,coupon,1600
3011,2018,coupon,600
3012,2019,bank_transfer,2900
3013,2019,gift_card,100
3014,2020,bank_transfer,2800
3015,2021,bank_transfer,1400
3016,2022,credit_card,200
3017,2022,credit_card,2600
3018,2023,coupon,2800
3019,2024,credit_card,300
3020,2025,bank_transfer,2700
3021,2026,coupon,2300
3022,2027,bank_transfer,1900
3023,2028,gift_card,1400
3024,2028,bank_transfer,800
3025,2029,gift_card,700
3026,2030,credit_card,2900
3027,2031,gift_card,2200
3028,2031,gift_card,500
3029,2032,bank_transfer,700
3030,2033,gift_card,2800
3031,2033,credit_card,100
3032,2034,credit_card,1300
3033,2034,bank_transfer,100
3034,2035,coupon,1800
3035,2035,bank_transfer,100
3036,2036,gift_card,400
3037,2036,gift_card,2100
3038,2037,bank_transfer,2100
3039,2037,gift_card,600
3040,2038,coupon,1800
3041,2038,coupon,300
3042,2039,gift_card,1000
3043,2039,gift_card,500
3044,2040,gift_card,1600
3045,2041,credit_card,500
3046,2042,bank_transfer,2100
3047,2042,coupon,700
3048,2043,gift_card,1000
3049,2044,coupon,100
3050,2045,gift_card,1100
3051,2046,coupon,1100
3052,2046,credit_card,600
3053,2047,bank_transfer,2200
3054,2048,coupon,1500
3055,2048,coupon,200
3056,2049,gift_card,2000
3057,2049,credit_card,500
3058,2050,bank_transfer,1000
3059,2051,bank_transfer,2400
3060,2052,gift_card,1500
3061,2052,gift_card,900
3062,2053,coupon,900
3063,2054,credit_card,2000
3064,2054,gift_card,800
3065,2055,credit_card,600
3066,2056,gift_card,2300
3067,2057,coupon,1200
3068,2058,coupon,2600
3069,2058,credit_card,200
3070,2059,credit_card,2500
3071,2060,gift_card,300
3072,2061,bank_transfer,900
3073,2062,coupon,100
3074,2062,credit_card,2600
3075,2063,gift_card,300
3076,2064,gift_card,2500
3077,2064,gift_card,300
3078,2065,coupon,2300
3079,2065,coupon,200
3080,2066,credit_card,1600
3081,2067,bank_transfer,2100
3082,2067,coupon,900
3083,2068,credit_card,2800
3084,2069,coupon,2300
3085,2070,credit_card,700
3086,2070,credit_card,1700
3087,2071,coupon,100
3088,2072,bank_transfer,2300
3089,2072,coupon,300
3090,2073,credit_card,2400
3091,2073,gift_card,500
3092,2074,coupon,900
3093,2074,bank_transfer,900
3094,2075,credit_card,800
3095,2075,coupon,1200
3096,2076,coupon,800
3097,2076,gift_card,1700
3098,2077,coupon,2900
3099,2077,coupon,100
3100,2078,bank_transfer,300
3101,2078,credit_card,700
3102,2079,bank_transfer,300
3103,2080,bank_transfer,400
3104,2080,credit_card,300
3105,2081,bank_transfer,2800
3106,2082,gift_card,200
3107,2082,bank_transfer,1200
3108,2083,gift_card,1900
3109,2083,gift_card,300
3110,2084,coupon,1300
3111,2084,gift_card,1600
3112,2085,gift_card,2900
3113,2085,bank_transfer,100
3114,2086,credit_card,2600
3115,2086,gift_card,400
3116,2087,coupon,400
3117,2087,coupon,900
3118,2088,coupon,2700
3119,2088,credit_card,300
3120,2089,gift_card,1700
3121,2089,credit_card,1200
3122,2090,bank_transfer,1400
3123,2090,coupon,200
3124,2091,gift_card,1300
3125,2092,bank_transfer,2400
3126,2092,coupon,500
3127,2093,gift_card,2600
3128,2093,gift_card,300
3129,2094,credit_card,900
3130,2095,gift_card,1000
3131,2096,credit_card,300
3132,2096,credit_card,1100
3133,2097,bank_transfer,1700
3134,2098,credit_card,2500
3135,2098,gift_card,400
3136,2099,bank_transfer,1100
3137,2099,gift_card,1500
3138,2100,credit_card,2600
3139,2100,credit_card,200
3140,2101,gift_card,2600
3141,2101,coupon,100
3142,2102,bank_transfer,1000
3143,2102,credit_card,700
3144,2103,bank_transfer,2000
3145,2103,credit_card,100
3146,2104,credit_card,2600
3147,2104,credit_card,400
3148,2105,coupon,700
3149,2105,bank_transfer,200
3150,2106,bank_transfer,1400
3151,2106,gift_card,400
3152,2107,bank_transfer,1800
3153,2108,bank_transfer,2000
3154,2108,credit_card,1000
3155,2109,gift_card,2500
3156,2110,coupon,2100
3157,2111,coupon,1100
3158,2111,gift_card,300
3159,2112,gift_card,200
3160,2112,credit_card,2100
3161,2113,gift_card,1200
3162,2113,gift_card,600
3163,2114,credit_card,900
3164,2115,gift_card,1100
3165,2116,bank_transfer,200
3166,2116,gift_card,2800
3167,2117,bank_transfer,2400
3168,2117,credit_card,500
3169,2118,coupon,300
3170,2119,credit_card,1100
3171,2119,gift_card,200
3172,2120,bank_transfer,700
3173,2120,coupon,1400
3174,2121,credit_card,2900
3175,2122,bank_transfer,1700
3176,2123,credit_card,300
3177,2123,gift_card,2300
3178,2124,bank_transfer,100
3179,2124,credit_card,2200
3180,2125,coupon,2000
3181,2126,coupon,2200
3182,2127,gift_card,1200
3183,2128,bank_transfer,400
3184,2129,credit_card,1900
3185,2129,coupon,300
3186,2130,gift_card,2600
3187,2131,credit_card,700
3188,2132,coupon,1400
3189,2132,coupon,1600
3190,2133,bank_transfer,1900
3191,2134,coupon,1300
3192,2135,bank_transfer,400
3193,2136,coupon,200
3194,2136,gift_card,1800
3195,2137,bank_transfer,2100
